ticket_id,user_id,created_at,resolved_at,ticket_category,nps_score,nps_comment
tkt_3576,usr_ad525241,2024-09-18T00:00:00Z,2024-09-21T22:00:00Z,technical,9.0,
tkt_f2e5,usr_23185e69,2024-09-11T00:00:00Z,2024-09-12T10:00:00Z,billing,8.0,
tkt_10dd,usr_4b87b7f1,2024-01-18T00:00:00Z,2024-01-22T00:00:00Z,technical,2.0,
tkt_97f5,usr_6f64768c,2024-01-24T00:00:00Z,2024-01-25T05:00:00Z,billing,4.0,
tkt_5b80,usr_91c7587e,2024-05-24T00:00:00Z,2024-05-24T16:00:00Z,feature_req,8.0,
tkt_67b4,usr_df775eeb,2024-04-16T00:00:00Z,2024-04-17T21:00:00Z,access,8.0,
tkt_c73d,usr_93fbc3f8,2024-05-07T00:00:00Z,2024-05-09T14:00:00Z,billing,10.0,Sample comment
tkt_13e2,usr_65e69172,2024-03-19T00:00:00Z,2024-03-22T23:00:00Z,technical,9.0,Sample comment
tkt_6098,usr_02d06dc3,2024-04-28T00:00:00Z,2024-04-28T02:00:00Z,technical,8.0,
tkt_75ab,usr_1a71e133,2024-06-07T00:00:00Z,2024-06-08T07:00:00Z,technical,7.0,Sample comment
tkt_5b03,usr_d9036cb1,2024-06-09T00:00:00Z,2024-06-09T04:00:00Z,billing,5.0,Sample comment
tkt_80e4,usr_45c4d247,2024-07-22T00:00:00Z,2024-07-24T00:00:00Z,feature_req,10.0,
tkt_9abf,usr_639f39ed,2024-11-06T00:00:00Z,2024-11-10T03:00:00Z,billing,7.0,
tkt_20e9,usr_d3e56cd1,2024-12-10T00:00:00Z,2024-12-14T03:00:00Z,billing,7.0,
tkt_31e7,usr_ab8c013f,2024-11-24T00:00:00Z,2024-11-26T21:00:00Z,billing,9.0,Sample comment
tkt_2625,usr_93db8b30,2024-05-20T00:00:00Z,2024-05-23T19:00:00Z,feature_req,8.0,Sample comment
tkt_7afb,usr_5ec0e0a1,2024-05-08T00:00:00Z,2024-05-09T03:00:00Z,access,8.0,
tkt_ec52,usr_e01d3f75,2024-08-13T00:00:00Z,2024-08-15T00:00:00Z,technical,9.0,
tkt_acce,usr_0f58cf5d,2024-10-28T00:00:00Z,2024-10-31T09:00:00Z,technical,9.0,
tkt_08e8,usr_83c40a5d,2024-02-21T00:00:00Z,2024-02-22T06:00:00Z,billing,10.0,
tkt_7151,usr_89d43931,2024-08-14T00:00:00Z,2024-08-16T03:00:00Z,technical,8.0,
tkt_5853,usr_35b99d42,2024-09-10T00:00:00Z,2024-09-12T16:00:00Z,feature_req,8.0,Sample comment
tkt_ab03,usr_0819b87d,2024-08-28T00:00:00Z,2024-08-30T04:00:00Z,billing,9.0,
tkt_2ca7,usr_2f30e82f,2024-12-20T00:00:00Z,2024-12-21T05:00:00Z,technical,9.0,
tkt_1eb4,usr_f85757b2,2024-12-10T00:00:00Z,2024-12-14T02:00:00Z,technical,6.0,
tkt_f60a,usr_b928471c,2024-02-23T00:00:00Z,2024-02-24T11:00:00Z,access,7.0,
tkt_609d,usr_4458b348,2024-10-08T00:00:00Z,2024-10-11T04:00:00Z,feature_req,10.0,
tkt_6e86,usr_a1505804,2024-03-16T00:00:00Z,2024-03-18T03:00:00Z,billing,8.0,
tkt_03de,usr_7bfad7c2,2024-10-04T00:00:00Z,2024-10-04T08:00:00Z,technical,2.0,
tkt_4bdc,usr_da0d65db,2024-08-29T00:00:00Z,2024-08-30T01:00:00Z,access,10.0,
tkt_1ec6,usr_9e6f511c,2024-02-18T00:00:00Z,2024-02-20T15:00:00Z,access,10.0,
tkt_0fe7,usr_2d5df6c7,2024-06-07T00:00:00Z,2024-06-10T08:00:00Z,access,10.0,
tkt_c4d6,usr_abb1ad08,2024-02-08T00:00:00Z,2024-02-10T11:00:00Z,feature_req,10.0,Sample comment
tkt_1c80,usr_7283e705,2024-09-01T00:00:00Z,2024-09-04T17:00:00Z,technical,9.0,Sample comment
tkt_ae31,usr_27c5e781,2024-11-07T00:00:00Z,2024-11-07T15:00:00Z,access,10.0,
tkt_e257,usr_790dc0a9,2024-06-18T00:00:00Z,2024-06-18T05:00:00Z,feature_req,10.0,
tkt_07e9,usr_d3eb5c38,2024-05-07T00:00:00Z,2024-05-08T20:00:00Z,technical,10.0,Sample comment
tkt_fcfc,usr_78e698c4,2024-09-14T00:00:00Z,2024-09-14T10:00:00Z,billing,8.0,
tkt_3a9b,usr_2eae45c3,2024-11-15T00:00:00Z,2024-11-18T04:00:00Z,billing,9.0,
tkt_2b29,usr_ba11d4d4,2024-06-04T00:00:00Z,2024-06-05T12:00:00Z,technical,9.0,
tkt_dc5c,usr_c1ba5b6e,2024-12-11T00:00:00Z,2024-12-11T02:00:00Z,technical,10.0,
tkt_d463,usr_fcc18b8c,2024-09-04T00:00:00Z,2024-09-07T13:00:00Z,feature_req,8.0,
tkt_8dc8,usr_be3105b3,2024-10-27T00:00:00Z,2024-10-30T19:00:00Z,technical,8.0,
tkt_f8ab,usr_69a4d915,2024-03-13T00:00:00Z,2024-03-14T19:00:00Z,access,9.0,
tkt_4563,usr_fca6c22b,2024-03-24T00:00:00Z,2024-03-28T01:00:00Z,access,5.0,
tkt_df11,usr_f40ffbd7,2024-07-28T00:00:00Z,2024-07-30T04:00:00Z,access,7.0,
tkt_20c4,usr_3310b0aa,2024-10-08T00:00:00Z,2024-10-11T04:00:00Z,billing,9.0,
tkt_73cd,usr_fd74c430,2024-03-27T00:00:00Z,2024-03-29T08:00:00Z,access,10.0,
tkt_6194,usr_f1c020a2,2024-04-27T00:00:00Z,2024-04-29T07:00:00Z,access,10.0,
tkt_603c,usr_31941981,2024-08-10T00:00:00Z,2024-08-11T02:00:00Z,technical,10.0,
tkt_07b5,usr_3ae79063,2024-06-25T00:00:00Z,2024-06-27T11:00:00Z,access,10.0,
tkt_63f1,usr_8e01a68d,2024-11-30T00:00:00Z,2024-12-01T19:00:00Z,technical,10.0,
tkt_8d5f,usr_6425ce6c,2024-09-29T00:00:00Z,2024-09-29T08:00:00Z,access,10.0,
tkt_a056,usr_654de267,2024-07-22T00:00:00Z,2024-07-24T00:00:00Z,technical,9.0,
tkt_58de,usr_add58d68,2024-11-16T00:00:00Z,2024-11-18T08:00:00Z,billing,8.0,
tkt_5ff0,usr_3a351220,2024-10-29T00:00:00Z,2024-10-29T10:00:00Z,access,9.0,
tkt_5bb0,usr_96176610,2024-03-24T00:00:00Z,2024-03-26T11:00:00Z,technical,4.0,Sample comment
tkt_ca67,usr_cf981c08,2024-09-30T00:00:00Z,2024-10-03T12:00:00Z,feature_req,9.0,Sample comment
tkt_fbbd,usr_32d0e748,2024-11-08T00:00:00Z,2024-11-11T22:00:00Z,billing,9.0,
tkt_70e5,usr_f1219013,2024-10-11T00:00:00Z,2024-10-13T02:00:00Z,billing,10.0,
tkt_2897,usr_deaccc70,2024-02-26T00:00:00Z,2024-02-29T14:00:00Z,feature_req,0.0,
tkt_185f,usr_e00138b6,2024-09-26T00:00:00Z,2024-09-28T08:00:00Z,billing,10.0,
tkt_ee1e,usr_8c03931a,2024-05-12T00:00:00Z,2024-05-14T15:00:00Z,access,8.0,
tkt_3ccb,usr_45af8b3d,2024-07-29T00:00:00Z,2024-07-29T18:00:00Z,access,3.0,
tkt_fc94,usr_7c05a791,2024-03-19T00:00:00Z,2024-03-20T05:00:00Z,access,10.0,
tkt_37ed,usr_669928ee,2024-04-01T00:00:00Z,2024-04-01T07:00:00Z,technical,10.0,Sample comment
tkt_19d0,usr_6221f027,2024-05-23T00:00:00Z,2024-05-23T23:00:00Z,technical,4.0,
tkt_91f8,usr_0910b000,2024-02-27T00:00:00Z,2024-03-01T23:00:00Z,feature_req,10.0,
tkt_9c3f,usr_1a3b4292,2024-11-18T00:00:00Z,2024-11-18T01:00:00Z,access,10.0,
tkt_dad7,usr_f9259e1f,2024-07-10T00:00:00Z,2024-07-12T10:00:00Z,technical,8.0,Sample comment
tkt_f3f7,usr_21318138,2024-09-23T00:00:00Z,2024-09-26T06:00:00Z,access,8.0,
tkt_19d8,usr_c1d2097c,2024-02-02T00:00:00Z,2024-02-05T13:00:00Z,access,9.0,
tkt_847f,usr_7463b7cf,2024-04-11T00:00:00Z,2024-04-14T07:00:00Z,technical,9.0,Sample comment
tkt_a1fe,usr_b75fd708,2024-09-17T00:00:00Z,2024-09-20T13:00:00Z,technical,10.0,Sample comment
tkt_6063,usr_a2b1753b,2024-09-15T00:00:00Z,2024-09-17T15:00:00Z,access,7.0,
tkt_ec41,usr_b81e82b4,2024-10-14T00:00:00Z,2024-10-14T04:00:00Z,access,10.0,
tkt_0e12,usr_d0ec1587,2024-03-09T00:00:00Z,2024-03-11T01:00:00Z,access,9.0,Sample comment
tkt_1234,usr_70a4cefc,2024-07-30T00:00:00Z,2024-08-01T09:00:00Z,feature_req,8.0,Sample comment
tkt_85f4,usr_10c926ef,2024-11-06T00:00:00Z,2024-11-08T07:00:00Z,technical,10.0,Sample comment
tkt_1552,usr_50105a4d,2024-08-04T00:00:00Z,2024-08-04T19:00:00Z,billing,10.0,
tkt_0a3a,usr_52c0cfc3,2024-11-25T00:00:00Z,2024-11-25T13:00:00Z,feature_req,0.0,
tkt_9373,usr_8a4b39c3,2024-09-12T00:00:00Z,2024-09-14T14:00:00Z,feature_req,10.0,
tkt_b9a6,usr_bb1ea2a9,2024-10-02T00:00:00Z,2024-10-02T20:00:00Z,access,9.0,
tkt_9f85,usr_d7851ba0,2024-08-05T00:00:00Z,2024-08-06T09:00:00Z,billing,10.0,Sample comment
tkt_ea34,usr_71033183,2024-07-13T00:00:00Z,2024-07-13T12:00:00Z,technical,10.0,Sample comment
tkt_bb25,usr_446525db,2024-02-01T00:00:00Z,2024-02-05T01:00:00Z,technical,8.0,
tkt_1524,usr_978965eb,2024-02-02T00:00:00Z,2024-02-04T05:00:00Z,billing,7.0,
tkt_9657,usr_486edaf0,2024-09-17T00:00:00Z,2024-09-18T11:00:00Z,technical,8.0,
tkt_a134,usr_1db6ab12,2024-06-04T00:00:00Z,2024-06-05T07:00:00Z,billing,10.0,
tkt_9b72,usr_e0a326ab,2024-06-14T00:00:00Z,2024-06-16T13:00:00Z,billing,8.0,
tkt_797d,usr_f3d4a581,2024-11-15T00:00:00Z,2024-11-15T21:00:00Z,technical,4.0,
tkt_7f82,usr_30bba7d3,2024-02-18T00:00:00Z,2024-02-20T06:00:00Z,billing,9.0,Sample comment
tkt_a97f,usr_dfc2d322,2024-12-10T00:00:00Z,2024-12-12T01:00:00Z,feature_req,8.0,
tkt_5d21,usr_c3ab09eb,2024-10-20T00:00:00Z,2024-10-20T16:00:00Z,billing,10.0,
tkt_1c3e,usr_5f323c7d,2024-07-03T00:00:00Z,2024-07-07T01:00:00Z,billing,9.0,Sample comment
tkt_59f5,usr_f99722d1,2024-04-28T00:00:00Z,2024-05-01T11:00:00Z,feature_req,8.0,Sample comment
tkt_a7a1,usr_4ba38fa6,2024-04-07T00:00:00Z,2024-04-07T02:00:00Z,billing,9.0,Sample comment
tkt_0bed,usr_d598f3e5,2024-11-28T00:00:00Z,2024-11-30T00:00:00Z,feature_req,9.0,
tkt_c3d6,usr_5e9204cd,2024-03-14T00:00:00Z,2024-03-17T04:00:00Z,feature_req,10.0,Sample comment
tkt_db0f,usr_dd7f61b2,2024-10-20T00:00:00Z,2024-10-21T22:00:00Z,technical,8.0,
tkt_024c,usr_0be59c8b,2024-12-06T00:00:00Z,2024-12-07T17:00:00Z,access,8.0,Sample comment
tkt_5bdd,usr_578635ae,2024-10-05T00:00:00Z,2024-10-06T20:00:00Z,billing,10.0,
tkt_9e11,usr_ba3cb3ab,2024-09-27T00:00:00Z,2024-09-27T13:00:00Z,feature_req,9.0,
tkt_20a3,usr_a00880ef,2024-02-17T00:00:00Z,2024-02-17T16:00:00Z,access,1.0,
tkt_fa90,usr_39901ca3,2024-03-16T00:00:00Z,2024-03-16T03:00:00Z,access,9.0,
tkt_0d2f,usr_e8e12c27,2024-10-23T00:00:00Z,2024-10-25T16:00:00Z,billing,10.0,
tkt_4158,usr_731b2062,2024-03-08T00:00:00Z,2024-03-10T12:00:00Z,billing,9.0,Sample comment
tkt_9c7e,usr_537e5d15,2024-10-23T00:00:00Z,2024-10-25T09:00:00Z,billing,7.0,
tkt_d441,usr_8c4874e7,2024-04-13T00:00:00Z,2024-04-16T20:00:00Z,feature_req,10.0,
tkt_2843,usr_69241d0f,2024-11-06T00:00:00Z,2024-11-06T01:00:00Z,technical,7.0,
tkt_b97d,usr_00a2f3a9,2024-03-09T00:00:00Z,2024-03-10T09:00:00Z,billing,9.0,
tkt_6927,usr_711a1cd9,2024-03-17T00:00:00Z,2024-03-19T19:00:00Z,access,8.0,
tkt_d0ef,usr_4e65d0b3,2024-04-23T00:00:00Z,2024-04-23T21:00:00Z,technical,9.0,Sample comment
tkt_252d,usr_1788f865,2024-04-19T00:00:00Z,2024-04-22T13:00:00Z,billing,10.0,
tkt_5d38,usr_9e1c961e,2024-06-14T00:00:00Z,2024-06-17T15:00:00Z,billing,9.0,Sample comment
tkt_c785,usr_5eadaba0,2024-01-27T00:00:00Z,2024-01-29T21:00:00Z,access,10.0,
tkt_0501,usr_aff95bb1,2024-12-20T00:00:00Z,2024-12-20T19:00:00Z,feature_req,10.0,Sample comment
tkt_77f9,usr_fab9677b,2024-05-17T00:00:00Z,2024-05-19T06:00:00Z,feature_req,9.0,Sample comment
tkt_a71a,usr_fe00c659,2024-11-30T00:00:00Z,2024-12-02T22:00:00Z,access,9.0,Sample comment
tkt_012b,usr_3299648e,2024-10-03T00:00:00Z,2024-10-04T15:00:00Z,billing,2.0,
tkt_25b5,usr_daa00ccc,2024-04-29T00:00:00Z,2024-04-29T13:00:00Z,feature_req,9.0,Sample comment
tkt_86aa,usr_9c239877,2024-11-01T00:00:00Z,2024-11-02T02:00:00Z,feature_req,10.0,Sample comment
tkt_71a5,usr_887d9e75,2024-06-22T00:00:00Z,2024-06-23T21:00:00Z,access,8.0,
tkt_a1e4,usr_eadd77b4,2024-05-16T00:00:00Z,2024-05-17T16:00:00Z,technical,10.0,Sample comment
tkt_03d8,usr_a069bf32,2024-03-02T00:00:00Z,2024-03-04T03:00:00Z,billing,8.0,
tkt_2890,usr_fe8844fc,2024-12-28T00:00:00Z,2024-12-30T01:00:00Z,billing,9.0,
tkt_00ad,usr_e7eab403,2024-02-16T00:00:00Z,2024-02-17T02:00:00Z,technical,10.0,
tkt_04a5,usr_ebe513db,2024-04-15T00:00:00Z,2024-04-16T11:00:00Z,technical,2.0,Sample comment
tkt_439f,usr_bb159239,2024-05-09T00:00:00Z,2024-05-12T06:00:00Z,access,10.0,
tkt_f74f,usr_7d05583b,2024-10-09T00:00:00Z,2024-10-12T00:00:00Z,feature_req,10.0,
tkt_ef09,usr_18ce0de4,2024-06-07T00:00:00Z,2024-06-09T21:00:00Z,technical,10.0,
tkt_e0c9,usr_374ed30b,2024-01-31T00:00:00Z,2024-02-04T03:00:00Z,billing,7.0,Sample comment
tkt_1185,usr_57023fbf,2024-11-01T00:00:00Z,2024-11-03T14:00:00Z,billing,0.0,
tkt_8a0e,usr_db6d37e2,2024-02-08T00:00:00Z,2024-02-11T07:00:00Z,access,8.0,
tkt_0ed4,usr_62c1150c,2024-10-31T00:00:00Z,2024-11-01T20:00:00Z,feature_req,8.0,
tkt_b5b8,usr_8d50550f,2024-08-13T00:00:00Z,2024-08-15T01:00:00Z,access,9.0,
tkt_47e3,usr_db6a11ba,2024-09-13T00:00:00Z,2024-09-14T14:00:00Z,access,7.0,Sample comment
tkt_16a8,usr_aef48f2b,2024-03-05T00:00:00Z,2024-03-08T14:00:00Z,feature_req,9.0,
tkt_1a37,usr_b5491971,2024-09-03T00:00:00Z,2024-09-05T12:00:00Z,billing,7.0,
tkt_4518,usr_f37fd5f6,2024-04-29T00:00:00Z,2024-05-02T09:00:00Z,billing,7.0,
tkt_8a5a,usr_cd5607dc,2024-03-24T00:00:00Z,2024-03-27T19:00:00Z,billing,8.0,
tkt_cf4c,usr_c2b2f1fd,2024-02-28T00:00:00Z,2024-02-29T18:00:00Z,technical,10.0,Sample comment
tkt_3298,usr_7ed7bbb2,2024-11-19T00:00:00Z,2024-11-20T21:00:00Z,technical,8.0,
tkt_cc01,usr_1d893fb0,2024-06-20T00:00:00Z,2024-06-22T20:00:00Z,billing,9.0,
tkt_5270,usr_50523ab8,2024-09-23T00:00:00Z,2024-09-25T02:00:00Z,technical,9.0,
tkt_9ac3,usr_3b8c4da8,2024-05-14T00:00:00Z,2024-05-15T04:00:00Z,technical,8.0,
tkt_4117,usr_2bd34312,2024-09-26T00:00:00Z,2024-09-28T15:00:00Z,billing,0.0,
tkt_47fa,usr_7f7d55fd,2024-12-29T00:00:00Z,,billing,,
tkt_4e35,usr_86c17bc6,2024-04-29T00:00:00Z,2024-04-30T11:00:00Z,feature_req,8.0,
tkt_b6e1,usr_fc705034,2024-04-07T00:00:00Z,2024-04-09T02:00:00Z,technical,8.0,
tkt_ae5e,usr_e68bfde1,2024-05-23T00:00:00Z,2024-05-23T17:00:00Z,access,7.0,
tkt_cff0,usr_4882f18c,2024-11-11T00:00:00Z,2024-11-14T08:00:00Z,access,9.0,
tkt_bdbf,usr_accb6e25,2024-04-18T00:00:00Z,2024-04-18T16:00:00Z,billing,7.0,
tkt_c945,usr_5f5a7939,2024-03-19T00:00:00Z,2024-03-21T16:00:00Z,technical,9.0,Sample comment
tkt_f254,usr_e2cf69e5,2024-10-08T00:00:00Z,2024-10-08T21:00:00Z,feature_req,10.0,
tkt_d1dd,usr_6ad0496e,2024-07-28T00:00:00Z,2024-07-31T16:00:00Z,access,10.0,
tkt_ebcd,usr_0877be13,2024-11-01T00:00:00Z,2024-11-02T08:00:00Z,billing,9.0,Sample comment
tkt_1195,usr_327befa6,2024-12-30T00:00:00Z,,technical,,
tkt_c941,usr_b6a4c17f,2024-04-23T00:00:00Z,2024-04-26T17:00:00Z,access,10.0,
tkt_d7ca,usr_db02e546,2024-12-08T00:00:00Z,2024-12-10T01:00:00Z,access,10.0,
tkt_d2ff,usr_e2e90e6d,2024-09-03T00:00:00Z,2024-09-03T10:00:00Z,technical,8.0,Sample comment
tkt_0173,usr_727cb3d8,2024-04-23T00:00:00Z,2024-04-26T09:00:00Z,technical,10.0,Sample comment
tkt_d494,usr_f57b99b0,2024-11-01T00:00:00Z,2024-11-02T10:00:00Z,billing,9.0,Sample comment
tkt_280b,usr_8ca4db70,2024-12-05T00:00:00Z,2024-12-05T10:00:00Z,feature_req,8.0,
tkt_b63a,usr_7cb6ae52,2024-12-27T00:00:00Z,2024-12-29T15:00:00Z,billing,4.0,
tkt_542b,usr_5750aeb7,2024-10-18T00:00:00Z,2024-10-21T04:00:00Z,access,6.0,
tkt_e1e2,usr_42c3f694,2024-10-29T00:00:00Z,2024-10-30T20:00:00Z,billing,9.0,
tkt_ef3c,usr_0d50a201,2024-09-26T00:00:00Z,2024-09-28T06:00:00Z,billing,9.0,Sample comment
tkt_6200,usr_ed83e025,2024-02-28T00:00:00Z,2024-03-02T19:00:00Z,billing,9.0,
tkt_047d,usr_19eddd57,2024-06-16T00:00:00Z,2024-06-17T14:00:00Z,billing,9.0,
tkt_2c3b,usr_26b30286,2024-09-03T00:00:00Z,2024-09-03T10:00:00Z,access,9.0,
tkt_ebd6,usr_129298d9,2024-11-23T00:00:00Z,2024-11-26T05:00:00Z,access,4.0,
tkt_9df6,usr_395f16cc,2024-11-12T00:00:00Z,2024-11-14T00:00:00Z,billing,9.0,
tkt_ed1b,usr_5fd11eca,2024-10-30T00:00:00Z,2024-10-31T19:00:00Z,billing,8.0,Sample comment
tkt_ea2a,usr_81759665,2024-10-21T00:00:00Z,2024-10-22T21:00:00Z,technical,3.0,Sample comment
tkt_486f,usr_05f9e94d,2024-04-18T00:00:00Z,2024-04-21T23:00:00Z,technical,8.0,
tkt_ddbd,usr_87b81e32,2024-06-17T00:00:00Z,2024-06-19T14:00:00Z,feature_req,10.0,
tkt_4c29,usr_7ea38412,2024-01-31T00:00:00Z,2024-02-02T17:00:00Z,access,10.0,Sample comment
tkt_50e7,usr_4e65196f,2024-05-07T00:00:00Z,2024-05-10T00:00:00Z,billing,9.0,Sample comment
tkt_6f53,usr_a4d2d9e7,2024-10-02T00:00:00Z,2024-10-03T23:00:00Z,feature_req,3.0,
tkt_8e47,usr_6756b11f,2024-02-08T00:00:00Z,2024-02-08T07:00:00Z,technical,7.0,
tkt_e109,usr_5e9cc1a0,2024-07-08T00:00:00Z,2024-07-11T15:00:00Z,access,8.0,
tkt_8e5e,usr_34b49c64,2024-08-20T00:00:00Z,2024-08-22T05:00:00Z,access,1.0,
tkt_97c9,usr_3f02f120,2024-04-13T00:00:00Z,2024-04-16T23:00:00Z,billing,8.0,
tkt_1fba,usr_453882f6,2024-02-25T00:00:00Z,2024-02-25T23:00:00Z,access,9.0,
tkt_1548,usr_3043f6ba,2024-08-24T00:00:00Z,2024-08-27T21:00:00Z,access,7.0,
tkt_6b0b,usr_2b2450ae,2024-05-03T00:00:00Z,2024-05-03T23:00:00Z,feature_req,1.0,
tkt_9043,usr_63c022d0,2024-10-17T00:00:00Z,2024-10-20T01:00:00Z,feature_req,8.0,
tkt_99cb,usr_440a6097,2024-12-19T00:00:00Z,2024-12-21T10:00:00Z,billing,10.0,
tkt_5a16,usr_3194f63a,2024-04-05T00:00:00Z,2024-04-06T16:00:00Z,feature_req,9.0,
tkt_5ac8,usr_66312159,2024-03-29T00:00:00Z,2024-03-30T14:00:00Z,technical,8.0,Sample comment
tkt_5be4,usr_1109e0aa,2024-09-28T00:00:00Z,2024-10-01T22:00:00Z,access,10.0,Sample comment
tkt_9eee,usr_c83639f7,2024-08-01T00:00:00Z,2024-08-02T08:00:00Z,access,10.0,Sample comment
tkt_ceed,usr_bae3bbc4,2024-05-30T00:00:00Z,2024-05-31T00:00:00Z,access,10.0,Sample comment
tkt_98e7,usr_990498c7,2024-05-06T00:00:00Z,2024-05-09T00:00:00Z,technical,9.0,
tkt_fd74,usr_565b1e7f,2024-03-05T00:00:00Z,2024-03-06T19:00:00Z,billing,8.0,
tkt_c35c,usr_a054525d,2024-12-22T00:00:00Z,2024-12-22T18:00:00Z,access,9.0,
tkt_8620,usr_578c9b79,2024-01-31T00:00:00Z,2024-02-02T20:00:00Z,feature_req,10.0,
tkt_c03c,usr_a8274977,2024-06-23T00:00:00Z,2024-06-27T01:00:00Z,access,10.0,
tkt_f7d6,usr_5411620d,2024-12-04T00:00:00Z,2024-12-05T11:00:00Z,access,8.0,Sample comment
tkt_32c1,usr_76a2faf0,2024-12-29T00:00:00Z,2024-12-30T17:00:00Z,billing,1.0,
tkt_b57c,usr_4a0e830d,2024-07-03T00:00:00Z,2024-07-03T21:00:00Z,access,7.0,
tkt_49d0,usr_5b9906a7,2024-03-05T00:00:00Z,2024-03-06T00:00:00Z,technical,9.0,
tkt_c45e,usr_0dcc43d8,2024-11-02T00:00:00Z,2024-11-04T11:00:00Z,billing,9.0,Sample comment
tkt_a3d5,usr_928adc8d,2024-04-22T00:00:00Z,2024-04-25T18:00:00Z,billing,9.0,
tkt_8f9d,usr_0dec4620,2024-02-01T00:00:00Z,2024-02-03T17:00:00Z,technical,10.0,
tkt_3530,usr_7c4c9118,2024-12-02T00:00:00Z,2024-12-03T17:00:00Z,technical,10.0,Sample comment
tkt_3a8a,usr_6304e380,2024-08-30T00:00:00Z,2024-08-30T02:00:00Z,access,9.0,
tkt_e962,usr_47c0a9e5,2024-03-05T00:00:00Z,2024-03-05T21:00:00Z,billing,10.0,Sample comment
tkt_ac7a,usr_a489f6e2,2024-09-23T00:00:00Z,2024-09-25T05:00:00Z,access,10.0,
tkt_ddee,usr_9ba1ce48,2024-07-09T00:00:00Z,2024-07-10T05:00:00Z,billing,8.0,
tkt_5aa5,usr_c25659a3,2024-04-01T00:00:00Z,2024-04-01T15:00:00Z,feature_req,10.0,
tkt_4ad1,usr_16f45952,2024-07-18T00:00:00Z,2024-07-18T16:00:00Z,access,8.0,
tkt_9d98,usr_eebfce55,2024-10-24T00:00:00Z,2024-10-26T14:00:00Z,feature_req,9.0,
tkt_01d3,usr_7dfa584f,2024-05-27T00:00:00Z,2024-05-27T15:00:00Z,technical,9.0,
tkt_2a57,usr_eaee7df4,2024-04-13T00:00:00Z,2024-04-16T23:00:00Z,access,6.0,Sample comment
tkt_b7ae,usr_d9ac7c15,2024-06-24T00:00:00Z,2024-06-24T20:00:00Z,billing,10.0,
tkt_d1e3,usr_7dd9ded5,2024-03-28T00:00:00Z,2024-03-30T19:00:00Z,feature_req,10.0,
tkt_ae87,usr_95353e8c,2024-09-21T00:00:00Z,2024-09-21T20:00:00Z,billing,7.0,
tkt_08e4,usr_24055fef,2024-02-28T00:00:00Z,2024-02-28T23:00:00Z,feature_req,9.0,
tkt_e8d4,usr_7a633990,2024-10-08T00:00:00Z,2024-10-09T04:00:00Z,access,10.0,Sample comment
tkt_5064,usr_928b28f3,2024-06-16T00:00:00Z,2024-06-16T14:00:00Z,feature_req,8.0,
tkt_4989,usr_b6b4f61e,2024-12-03T00:00:00Z,2024-12-03T02:00:00Z,billing,9.0,Sample comment
tkt_7152,usr_88dbb3b7,2024-06-28T00:00:00Z,2024-06-28T05:00:00Z,access,9.0,Sample comment
tkt_b41a,usr_1d695bac,2024-12-02T00:00:00Z,2024-12-02T18:00:00Z,billing,8.0,
tkt_699a,usr_625e5f00,2024-10-09T00:00:00Z,2024-10-10T13:00:00Z,access,10.0,
tkt_6450,usr_95c95042,2024-03-09T00:00:00Z,2024-03-09T13:00:00Z,access,5.0,
tkt_f1b8,usr_138389ce,2024-06-20T00:00:00Z,2024-06-21T02:00:00Z,access,10.0,
tkt_c35f,usr_dc0b766d,2024-07-03T00:00:00Z,2024-07-06T20:00:00Z,feature_req,7.0,
tkt_8d38,usr_81fcac61,2024-08-19T00:00:00Z,2024-08-20T13:00:00Z,billing,9.0,
tkt_c844,usr_ac1f26e0,2024-12-29T00:00:00Z,2024-12-30T01:00:00Z,feature_req,9.0,
tkt_20ab,usr_8dafd3fb,2024-06-03T00:00:00Z,2024-06-05T10:00:00Z,billing,8.0,
tkt_c29d,usr_1c4bc269,2024-04-22T00:00:00Z,2024-04-25T04:00:00Z,technical,0.0,
tkt_72da,usr_9db95791,2024-05-13T00:00:00Z,2024-05-15T09:00:00Z,access,10.0,Sample comment
tkt_5fbb,usr_8e2c9fa4,2024-08-07T00:00:00Z,2024-08-07T19:00:00Z,feature_req,10.0,Sample comment
tkt_95ca,usr_b5626d5e,2024-12-02T00:00:00Z,2024-12-05T23:00:00Z,billing,5.0,Sample comment
tkt_e967,usr_7af3af86,2024-03-10T00:00:00Z,2024-03-10T17:00:00Z,technical,9.0,
tkt_4eb5,usr_a0f999b7,2024-02-22T00:00:00Z,2024-02-24T01:00:00Z,technical,9.0,
tkt_2d6d,usr_80ba7045,2024-05-11T00:00:00Z,2024-05-14T13:00:00Z,access,7.0,
tkt_487a,usr_2d2d2e4a,2024-11-04T00:00:00Z,2024-11-05T05:00:00Z,access,9.0,
tkt_4057,usr_a562303d,2024-12-14T00:00:00Z,2024-12-14T07:00:00Z,feature_req,10.0,
tkt_085c,usr_64dcd56a,2024-05-10T00:00:00Z,2024-05-13T21:00:00Z,billing,9.0,Sample comment
tkt_a37b,usr_ebc87cbd,2024-05-31T00:00:00Z,2024-06-02T15:00:00Z,access,7.0,
tkt_a175,usr_89f58dd6,2024-03-27T00:00:00Z,2024-03-30T03:00:00Z,feature_req,9.0,Sample comment
tkt_95e1,usr_27f43a4b,2024-08-28T00:00:00Z,2024-08-29T16:00:00Z,feature_req,2.0,Sample comment
tkt_36cb,usr_99c3217c,2024-02-05T00:00:00Z,2024-02-06T13:00:00Z,feature_req,4.0,
tkt_77aa,usr_10dfb438,2024-12-23T00:00:00Z,2024-12-25T17:00:00Z,access,10.0,Sample comment
tkt_1dbf,usr_d74f0fb0,2024-04-09T00:00:00Z,2024-04-09T14:00:00Z,access,8.0,Sample comment
tkt_061b,usr_141620a2,2024-08-25T00:00:00Z,2024-08-25T12:00:00Z,technical,10.0,
tkt_1132,usr_20392167,2024-12-05T00:00:00Z,2024-12-05T02:00:00Z,billing,10.0,
tkt_49e8,usr_28c0171f,2024-05-06T00:00:00Z,2024-05-06T01:00:00Z,access,9.0,
tkt_61a9,usr_9675f34b,2024-10-22T00:00:00Z,2024-10-22T20:00:00Z,access,9.0,
tkt_9659,usr_bb05cbce,2024-04-10T00:00:00Z,2024-04-12T00:00:00Z,feature_req,10.0,
tkt_e095,usr_b12fa472,2024-07-14T00:00:00Z,2024-07-17T04:00:00Z,access,9.0,
tkt_c856,usr_33297e20,2024-05-06T00:00:00Z,2024-05-06T06:00:00Z,technical,10.0,Sample comment
tkt_a337,usr_6ed2d127,2024-11-23T00:00:00Z,2024-11-24T06:00:00Z,feature_req,10.0,
tkt_64e2,usr_59192d39,2024-01-24T00:00:00Z,2024-01-24T07:00:00Z,feature_req,8.0,
tkt_1039,usr_71a398e4,2024-12-03T00:00:00Z,2024-12-04T14:00:00Z,technical,10.0,Sample comment
tkt_0d3a,usr_32a80254,2024-05-30T00:00:00Z,2024-05-31T00:00:00Z,billing,8.0,
tkt_621e,usr_17f360c4,2024-12-19T00:00:00Z,2024-12-22T10:00:00Z,access,8.0,
tkt_5b94,usr_d7920980,2024-04-22T00:00:00Z,2024-04-22T14:00:00Z,access,3.0,
tkt_bb27,usr_703a296d,2024-05-06T00:00:00Z,2024-05-07T02:00:00Z,feature_req,4.0,
tkt_bba3,usr_e370a1c3,2024-12-07T00:00:00Z,2024-12-09T05:00:00Z,access,1.0,
tkt_8a9d,usr_6695484d,2024-11-10T00:00:00Z,2024-11-10T09:00:00Z,feature_req,8.0,
tkt_fd24,usr_f1a8f789,2024-10-10T00:00:00Z,2024-10-10T12:00:00Z,feature_req,9.0,
tkt_fe8e,usr_46ca72b4,2024-04-10T00:00:00Z,2024-04-12T22:00:00Z,feature_req,10.0,Sample comment
tkt_2a72,usr_5a7d0fdc,2024-08-06T00:00:00Z,2024-08-09T18:00:00Z,access,2.0,Sample comment
tkt_b80c,usr_e6896e82,2024-06-22T00:00:00Z,2024-06-23T22:00:00Z,billing,8.0,
tkt_737c,usr_fe60c16f,2024-11-12T00:00:00Z,2024-11-12T05:00:00Z,billing,10.0,Sample comment
tkt_42ea,usr_9c0717a1,2024-08-05T00:00:00Z,2024-08-06T20:00:00Z,feature_req,10.0,
tkt_f956,usr_7858499f,2024-12-19T00:00:00Z,2024-12-19T03:00:00Z,access,9.0,
tkt_5f71,usr_ea1a0e72,2024-04-01T00:00:00Z,2024-04-01T10:00:00Z,feature_req,9.0,Sample comment
tkt_db9b,usr_c692262d,2024-05-17T00:00:00Z,2024-05-20T23:00:00Z,technical,9.0,
tkt_b13b,usr_b8291c81,2024-10-17T00:00:00Z,2024-10-17T20:00:00Z,feature_req,9.0,
tkt_7674,usr_96bea53c,2024-03-09T00:00:00Z,2024-03-12T20:00:00Z,technical,10.0,
tkt_4214,usr_5aae1ee4,2024-04-30T00:00:00Z,2024-05-04T01:00:00Z,billing,8.0,Sample comment
tkt_f699,usr_1bbd660e,2024-03-13T00:00:00Z,2024-03-16T20:00:00Z,feature_req,0.0,
tkt_e223,usr_dbb3ea3f,2024-12-14T00:00:00Z,2024-12-15T06:00:00Z,feature_req,8.0,
tkt_581e,usr_7f47a2b1,2024-08-07T00:00:00Z,2024-08-09T19:00:00Z,technical,10.0,Sample comment
tkt_9524,usr_e73674ec,2024-04-21T00:00:00Z,2024-04-24T13:00:00Z,technical,9.0,
tkt_6aec,usr_7fd409bc,2024-11-16T00:00:00Z,2024-11-19T23:00:00Z,access,9.0,Sample comment
tkt_1657,usr_48764415,2024-11-22T00:00:00Z,2024-11-22T22:00:00Z,access,4.0,
tkt_139b,usr_018f9f9c,2024-10-29T00:00:00Z,2024-10-31T19:00:00Z,technical,8.0,Sample comment
tkt_8176,usr_8c469f41,2024-03-07T00:00:00Z,2024-03-10T17:00:00Z,billing,9.0,
tkt_fb3f,usr_b275e656,2024-11-18T00:00:00Z,2024-11-20T09:00:00Z,access,7.0,
tkt_63d2,usr_5c926cd1,2024-02-14T00:00:00Z,2024-02-16T01:00:00Z,feature_req,4.0,Sample comment
tkt_2ad3,usr_11aef1a9,2024-05-27T00:00:00Z,2024-05-29T18:00:00Z,access,2.0,
tkt_604f,usr_43461dc9,2024-03-26T00:00:00Z,2024-03-28T00:00:00Z,feature_req,10.0,
tkt_d2f8,usr_4bfdb2bc,2024-07-25T00:00:00Z,2024-07-26T10:00:00Z,billing,10.0,Sample comment
tkt_1c2a,usr_5791c15c,2024-04-22T00:00:00Z,2024-04-23T14:00:00Z,technical,7.0,
tkt_2926,usr_f1b5f457,2024-03-13T00:00:00Z,2024-03-14T10:00:00Z,technical,9.0,
tkt_be4e,usr_80e8db89,2024-10-09T00:00:00Z,2024-10-12T16:00:00Z,feature_req,1.0,
tkt_f3f6,usr_d3afa139,2024-11-10T00:00:00Z,2024-11-12T22:00:00Z,feature_req,6.0,
tkt_e0fa,usr_9d014b96,2024-11-04T00:00:00Z,2024-11-06T16:00:00Z,access,10.0,Sample comment
tkt_c78f,usr_a508cd28,2024-05-23T00:00:00Z,2024-05-26T17:00:00Z,feature_req,8.0,Sample comment
tkt_03e1,usr_8ceb4025,2024-10-24T00:00:00Z,2024-10-24T14:00:00Z,technical,10.0,
tkt_4361,usr_6301d657,2024-11-06T00:00:00Z,2024-11-10T00:00:00Z,billing,8.0,Sample comment
tkt_a5a5,usr_ae1f1daf,2024-12-23T00:00:00Z,2024-12-23T15:00:00Z,technical,8.0,
tkt_bf11,usr_789dfb06,2024-07-04T00:00:00Z,2024-07-07T06:00:00Z,feature_req,7.0,Sample comment
tkt_3a82,usr_cb0a3935,2024-11-25T00:00:00Z,2024-11-27T10:00:00Z,feature_req,8.0,
tkt_e0d9,usr_5b72d8ad,2024-12-28T00:00:00Z,2024-12-28T18:00:00Z,feature_req,8.0,Sample comment
tkt_a1d9,usr_4b5bea05,2024-04-10T00:00:00Z,2024-04-12T01:00:00Z,billing,8.0,Sample comment
tkt_85fa,usr_71606dc7,2024-03-31T00:00:00Z,2024-04-02T10:00:00Z,feature_req,9.0,
tkt_7476,usr_7a2db1f9,2024-05-24T00:00:00Z,2024-05-27T03:00:00Z,billing,10.0,
tkt_9654,usr_228fd40f,2024-10-27T00:00:00Z,2024-10-30T09:00:00Z,billing,8.0,
tkt_cca2,usr_661a81f0,2024-07-19T00:00:00Z,2024-07-22T11:00:00Z,access,7.0,
tkt_d609,usr_21aab7c3,2024-05-28T00:00:00Z,2024-05-29T23:00:00Z,technical,8.0,
tkt_4256,usr_e27c2e74,2024-06-13T00:00:00Z,2024-06-15T09:00:00Z,technical,8.0,
tkt_b01e,usr_e4e19579,2024-06-30T00:00:00Z,2024-07-03T02:00:00Z,access,10.0,
tkt_e241,usr_aa2cd842,2024-03-04T00:00:00Z,2024-03-06T02:00:00Z,technical,10.0,
tkt_19a0,usr_733510ca,2024-05-14T00:00:00Z,2024-05-14T22:00:00Z,feature_req,7.0,
tkt_8d48,usr_633d0b66,2024-11-01T00:00:00Z,2024-11-04T03:00:00Z,technical,10.0,
tkt_3d09,usr_e8a1ce52,2024-03-11T00:00:00Z,2024-03-12T14:00:00Z,billing,10.0,Sample comment
tkt_005e,usr_fe6e2f5c,2024-05-27T00:00:00Z,2024-05-27T07:00:00Z,access,10.0,
tkt_a19b,usr_5fd32ed5,2024-11-20T00:00:00Z,2024-11-23T07:00:00Z,billing,9.0,
tkt_6c0d,usr_8396d0bd,2024-03-18T00:00:00Z,2024-03-21T01:00:00Z,access,9.0,
tkt_2382,usr_c8b536d6,2024-11-15T00:00:00Z,2024-11-17T04:00:00Z,billing,7.0,
tkt_1ab0,usr_7ba6d414,2024-06-09T00:00:00Z,2024-06-11T20:00:00Z,billing,8.0,
tkt_daf7,usr_5d500354,2024-09-04T00:00:00Z,2024-09-04T07:00:00Z,feature_req,10.0,Sample comment
tkt_5987,usr_40b688f6,2024-07-23T00:00:00Z,2024-07-24T19:00:00Z,technical,6.0,
tkt_6657,usr_d998cf88,2024-05-24T00:00:00Z,2024-05-24T01:00:00Z,technical,10.0,
tkt_af61,usr_409efd0d,2024-04-16T00:00:00Z,2024-04-19T18:00:00Z,access,10.0,
tkt_fac7,usr_00a50b15,2024-12-24T00:00:00Z,2024-12-26T19:00:00Z,access,7.0,
tkt_fdd4,usr_355ebf9f,2024-08-06T00:00:00Z,2024-08-09T03:00:00Z,billing,10.0,
tkt_8fc4,usr_99ad8990,2024-11-23T00:00:00Z,2024-11-23T20:00:00Z,access,10.0,
tkt_4fdc,usr_99acd6c5,2024-08-05T00:00:00Z,2024-08-07T19:00:00Z,technical,7.0,
tkt_d074,usr_7f0011ff,2024-12-15T00:00:00Z,2024-12-19T04:00:00Z,technical,9.0,
tkt_796b,usr_023395a3,2024-10-22T00:00:00Z,2024-10-25T19:00:00Z,technical,10.0,
tkt_5156,usr_7a72f5fa,2024-08-09T00:00:00Z,2024-08-10T04:00:00Z,technical,1.0,
tkt_842e,usr_d14897a3,2024-05-25T00:00:00Z,2024-05-27T01:00:00Z,billing,10.0,
tkt_0866,usr_8fc879ff,2024-12-24T00:00:00Z,2024-12-27T23:00:00Z,technical,4.0,
tkt_a5d1,usr_8d618abb,2024-11-19T00:00:00Z,2024-11-20T03:00:00Z,feature_req,7.0,
tkt_9b89,usr_55bb78ed,2024-08-27T00:00:00Z,2024-08-28T02:00:00Z,feature_req,5.0,Sample comment
tkt_a757,usr_91a7cb4c,2024-10-05T00:00:00Z,2024-10-07T01:00:00Z,access,3.0,Sample comment
tkt_f5d7,usr_764b1251,2024-09-07T00:00:00Z,2024-09-09T09:00:00Z,access,4.0,
tkt_5577,usr_b1ea15d0,2024-12-24T00:00:00Z,2024-12-27T02:00:00Z,technical,10.0,
tkt_d8f2,usr_7c14a88a,2024-03-31T00:00:00Z,2024-04-03T06:00:00Z,access,10.0,Sample comment
tkt_b2de,usr_21d76628,2024-05-01T00:00:00Z,2024-05-03T04:00:00Z,access,9.0,
tkt_6399,usr_f108f243,2024-11-03T00:00:00Z,2024-11-05T07:00:00Z,access,9.0,
tkt_1eca,usr_02624d7c,2024-06-07T00:00:00Z,2024-06-08T01:00:00Z,feature_req,5.0,
tkt_1d72,usr_9cf610ae,2024-03-05T00:00:00Z,2024-03-08T00:00:00Z,billing,10.0,
tkt_3589,usr_ecf2596c,2024-10-07T00:00:00Z,2024-10-10T01:00:00Z,access,8.0,
tkt_3c2c,usr_b9c94ef7,2024-06-08T00:00:00Z,2024-06-09T19:00:00Z,technical,10.0,
tkt_7859,usr_193338bc,2024-09-21T00:00:00Z,2024-09-21T15:00:00Z,technical,7.0,
tkt_8bf0,usr_e446ae18,2024-04-04T00:00:00Z,2024-04-04T08:00:00Z,feature_req,9.0,
tkt_51ca,usr_37d1cb67,2024-11-19T00:00:00Z,2024-11-19T08:00:00Z,feature_req,8.0,
tkt_3b68,usr_3c42d20f,2024-07-07T00:00:00Z,2024-07-10T14:00:00Z,access,10.0,
tkt_ecd6,usr_8167b0e0,2024-03-29T00:00:00Z,2024-03-30T18:00:00Z,feature_req,9.0,
tkt_5445,usr_bcd4caff,2024-07-20T00:00:00Z,2024-07-21T12:00:00Z,billing,9.0,Sample comment
tkt_8942,usr_c3e3104c,2024-12-09T00:00:00Z,2024-12-09T23:00:00Z,billing,10.0,Sample comment
tkt_79d8,usr_900f0f20,2024-02-16T00:00:00Z,2024-02-18T01:00:00Z,access,9.0,Sample comment
tkt_9b28,usr_772ed390,2024-03-02T00:00:00Z,2024-03-04T17:00:00Z,billing,8.0,
tkt_51fb,usr_82f7ec8f,2024-12-26T00:00:00Z,2024-12-30T02:00:00Z,feature_req,9.0,
tkt_0f35,usr_016da45b,2024-02-04T00:00:00Z,2024-02-05T23:00:00Z,technical,9.0,
tkt_8f96,usr_bab56e18,2024-03-25T00:00:00Z,2024-03-27T04:00:00Z,technical,10.0,
tkt_1480,usr_db9e40b0,2024-07-29T00:00:00Z,2024-07-29T18:00:00Z,billing,7.0,
tkt_e702,usr_bbca293b,2024-08-03T00:00:00Z,2024-08-05T01:00:00Z,feature_req,9.0,
tkt_86ce,usr_34889c5f,2024-04-23T00:00:00Z,2024-04-23T01:00:00Z,billing,7.0,Sample comment
tkt_e545,usr_3e76f80e,2024-12-03T00:00:00Z,2024-12-04T11:00:00Z,feature_req,9.0,Sample comment
tkt_03ab,usr_7a270873,2024-12-24T00:00:00Z,2024-12-27T17:00:00Z,technical,10.0,
tkt_9c8f,usr_660cc595,2024-03-19T00:00:00Z,2024-03-20T00:00:00Z,billing,7.0,
tkt_4cdf,usr_81e53ccb,2024-02-08T00:00:00Z,2024-02-12T01:00:00Z,access,4.0,
tkt_329f,usr_b5bb108a,2024-10-13T00:00:00Z,2024-10-16T21:00:00Z,access,4.0,
tkt_44ce,usr_dee2d393,2024-04-11T00:00:00Z,2024-04-14T03:00:00Z,billing,9.0,Sample comment
tkt_1cbb,usr_a04b410a,2024-03-13T00:00:00Z,2024-03-14T00:00:00Z,feature_req,9.0,
tkt_051c,usr_9daff52a,2024-12-08T00:00:00Z,2024-12-12T01:00:00Z,access,9.0,
tkt_2140,usr_5e5d7ebb,2024-11-30T00:00:00Z,2024-12-03T09:00:00Z,feature_req,8.0,
tkt_a8d3,usr_bfd0bc46,2024-06-23T00:00:00Z,2024-06-26T18:00:00Z,billing,9.0,Sample comment
tkt_3fe5,usr_e580c437,2024-04-04T00:00:00Z,2024-04-04T22:00:00Z,technical,9.0,
tkt_3903,usr_083a67d3,2024-10-20T00:00:00Z,2024-10-21T02:00:00Z,technical,8.0,Sample comment
tkt_fbd3,usr_ac5d4ecf,2024-02-02T00:00:00Z,2024-02-02T12:00:00Z,feature_req,7.0,
tkt_f7b5,usr_0107943a,2024-11-28T00:00:00Z,2024-11-28T03:00:00Z,access,9.0,
tkt_36a3,usr_7cc54a27,2024-12-17T00:00:00Z,2024-12-18T02:00:00Z,billing,10.0,
tkt_992d,usr_9606f2c2,2024-03-04T00:00:00Z,2024-03-05T04:00:00Z,feature_req,5.0,
tkt_f64d,usr_6377c8d0,2024-12-11T00:00:00Z,2024-12-12T21:00:00Z,billing,9.0,
tkt_bad4,usr_623f7d67,2024-03-01T00:00:00Z,2024-03-02T15:00:00Z,feature_req,10.0,Sample comment
tkt_1b29,usr_71199a43,2024-11-24T00:00:00Z,2024-11-25T20:00:00Z,feature_req,9.0,Sample comment
tkt_8c5b,usr_ac146cde,2024-08-08T00:00:00Z,2024-08-11T11:00:00Z,feature_req,9.0,
tkt_908b,usr_a8d58ef2,2024-02-25T00:00:00Z,2024-02-26T14:00:00Z,feature_req,9.0,
tkt_dc51,usr_0bbc236c,2024-08-11T00:00:00Z,2024-08-11T14:00:00Z,feature_req,9.0,
tkt_948b,usr_d870144a,2024-04-03T00:00:00Z,2024-04-04T06:00:00Z,billing,10.0,Sample comment
tkt_fddf,usr_89dbe5af,2024-11-22T00:00:00Z,2024-11-24T14:00:00Z,feature_req,10.0,
tkt_c66b,usr_69a63492,2024-05-13T00:00:00Z,2024-05-14T10:00:00Z,billing,8.0,
tkt_f930,usr_b8c31730,2024-12-31T00:00:00Z,,technical,,
tkt_341d,usr_8685a84d,2024-04-13T00:00:00Z,2024-04-14T03:00:00Z,feature_req,9.0,
tkt_d09c,usr_79b8d54c,2024-08-15T00:00:00Z,2024-08-15T10:00:00Z,technical,8.0,
tkt_d7f1,usr_c943a25f,2024-04-12T00:00:00Z,2024-04-14T04:00:00Z,access,8.0,
tkt_d101,usr_79da2eee,2024-06-09T00:00:00Z,2024-06-09T17:00:00Z,access,10.0,
tkt_5355,usr_48ebc61d,2024-10-28T00:00:00Z,2024-10-30T18:00:00Z,billing,10.0,
tkt_81c8,usr_c89dc318,2024-11-08T00:00:00Z,2024-11-08T11:00:00Z,technical,9.0,Sample comment
tkt_b446,usr_7ac115aa,2024-11-25T00:00:00Z,2024-11-25T11:00:00Z,billing,10.0,
tkt_cdfb,usr_9c01c5a9,2024-08-16T00:00:00Z,2024-08-16T14:00:00Z,billing,9.0,
tkt_0d63,usr_5dc71760,2024-04-25T00:00:00Z,2024-04-28T12:00:00Z,access,8.0,Sample comment
tkt_c6b3,usr_e04afdc4,2024-04-08T00:00:00Z,2024-04-10T22:00:00Z,access,9.0,Sample comment
tkt_150f,usr_7897969d,2024-04-16T00:00:00Z,2024-04-17T03:00:00Z,billing,10.0,
tkt_bc1f,usr_15b843a3,2024-07-10T00:00:00Z,2024-07-10T15:00:00Z,access,10.0,Sample comment
tkt_58e0,usr_5dafd3a6,2024-05-10T00:00:00Z,2024-05-10T10:00:00Z,access,9.0,
tkt_da2e,usr_dae33faf,2024-12-08T00:00:00Z,2024-12-09T17:00:00Z,access,10.0,
tkt_be69,usr_2215d6d9,2024-11-14T00:00:00Z,2024-11-16T04:00:00Z,billing,7.0,Sample comment
tkt_5134,usr_91507c5c,2024-12-20T00:00:00Z,2024-12-20T01:00:00Z,technical,9.0,Sample comment
tkt_d098,usr_821c9495,2024-10-07T00:00:00Z,2024-10-08T14:00:00Z,billing,10.0,
tkt_9608,usr_6d8802d8,2024-11-18T00:00:00Z,2024-11-20T22:00:00Z,billing,9.0,
tkt_7866,usr_c3bf7ead,2024-06-14T00:00:00Z,2024-06-17T18:00:00Z,technical,10.0,
tkt_b563,usr_85852ca7,2024-04-18T00:00:00Z,2024-04-20T13:00:00Z,technical,10.0,
tkt_a2ae,usr_5d3c9a02,2024-05-10T00:00:00Z,2024-05-13T21:00:00Z,technical,10.0,
tkt_9be9,usr_885dd6b9,2024-11-15T00:00:00Z,2024-11-17T00:00:00Z,access,9.0,
tkt_001e,usr_c04140c3,2024-03-17T00:00:00Z,2024-03-17T11:00:00Z,technical,8.0,
tkt_ee5a,usr_e68c9d4c,2024-02-29T00:00:00Z,2024-03-01T23:00:00Z,feature_req,7.0,
tkt_10c3,usr_f8e859d4,2024-07-05T00:00:00Z,2024-07-08T00:00:00Z,feature_req,9.0,
tkt_2d7a,usr_91ef18b0,2024-02-21T00:00:00Z,2024-02-23T23:00:00Z,technical,4.0,
tkt_7046,usr_9405366e,2024-10-03T00:00:00Z,2024-10-04T08:00:00Z,billing,10.0,Sample comment
tkt_4420,usr_798e6a0e,2024-04-07T00:00:00Z,2024-04-09T14:00:00Z,billing,10.0,
tkt_4f4a,usr_8137696c,2024-07-05T00:00:00Z,2024-07-08T14:00:00Z,billing,9.0,Sample comment
tkt_dbe1,usr_c687abe7,2024-04-17T00:00:00Z,2024-04-18T10:00:00Z,feature_req,9.0,
tkt_0484,usr_8b613ecd,2024-07-03T00:00:00Z,2024-07-05T07:00:00Z,feature_req,8.0,
tkt_9378,usr_b2341c1f,2024-07-06T00:00:00Z,2024-07-09T16:00:00Z,technical,8.0,Sample comment
tkt_60a9,usr_862c8ced,2024-02-25T00:00:00Z,2024-02-28T01:00:00Z,access,7.0,
tkt_9012,usr_d20e41f6,2024-04-30T00:00:00Z,2024-04-30T07:00:00Z,access,9.0,
tkt_802f,usr_2f0e5e8e,2024-03-29T00:00:00Z,2024-04-01T18:00:00Z,access,10.0,
tkt_1877,usr_7cca6948,2024-08-19T00:00:00Z,2024-08-19T11:00:00Z,technical,6.0,
tkt_c644,usr_c30d476b,2024-12-13T00:00:00Z,2024-12-13T03:00:00Z,technical,7.0,Sample comment
tkt_efae,usr_2aa15cdf,2024-02-24T00:00:00Z,2024-02-25T19:00:00Z,billing,10.0,
tkt_9a91,usr_5595a42a,2024-08-27T00:00:00Z,2024-08-27T18:00:00Z,technical,7.0,
tkt_6616,usr_7e5a38da,2024-03-17T00:00:00Z,2024-03-18T23:00:00Z,access,8.0,
tkt_0bf5,usr_6bb120a5,2024-04-10T00:00:00Z,2024-04-10T07:00:00Z,technical,10.0,
tkt_c624,usr_2f1c3f57,2024-05-26T00:00:00Z,2024-05-30T01:00:00Z,access,10.0,
tkt_6d5d,usr_4239dc13,2024-02-01T00:00:00Z,2024-02-03T07:00:00Z,access,9.0,
tkt_4932,usr_65d953c4,2024-07-11T00:00:00Z,2024-07-12T17:00:00Z,feature_req,9.0,
tkt_0ced,usr_b455a507,2024-11-26T00:00:00Z,2024-11-29T19:00:00Z,billing,9.0,
tkt_0b88,usr_05fa8653,2024-11-02T00:00:00Z,2024-11-02T12:00:00Z,billing,10.0,Sample comment
tkt_0194,usr_7301eeb0,2024-12-04T00:00:00Z,2024-12-05T09:00:00Z,technical,9.0,
tkt_8654,usr_3c2c06cf,2024-11-09T00:00:00Z,2024-11-09T19:00:00Z,technical,9.0,
tkt_2598,usr_517e6f99,2024-08-19T00:00:00Z,2024-08-20T14:00:00Z,access,10.0,Sample comment
tkt_fafa,usr_05ed4d05,2024-11-01T00:00:00Z,2024-11-04T06:00:00Z,feature_req,8.0,Sample comment
tkt_35b0,usr_9f0c50c9,2024-03-17T00:00:00Z,2024-03-18T19:00:00Z,billing,9.0,
tkt_9bbd,usr_a64656f8,2024-11-09T00:00:00Z,2024-11-09T16:00:00Z,feature_req,8.0,
tkt_6d6a,usr_f489d6c2,2024-06-20T00:00:00Z,2024-06-22T09:00:00Z,billing,10.0,Sample comment
tkt_d51f,usr_e71150b3,2024-12-14T00:00:00Z,2024-12-14T19:00:00Z,technical,9.0,
tkt_b2b9,usr_d8e820a5,2024-08-01T00:00:00Z,2024-08-01T19:00:00Z,billing,10.0,
tkt_6a8e,usr_8a666f08,2024-04-27T00:00:00Z,2024-04-28T19:00:00Z,billing,10.0,
tkt_3fd2,usr_3554acda,2024-08-09T00:00:00Z,2024-08-09T07:00:00Z,technical,7.0,
tkt_b697,usr_ac9e579d,2024-11-12T00:00:00Z,2024-11-12T03:00:00Z,technical,9.0,
tkt_13f1,usr_54f2ea90,2024-09-21T00:00:00Z,2024-09-23T23:00:00Z,technical,10.0,
tkt_921e,usr_e5246089,2024-07-11T00:00:00Z,2024-07-14T22:00:00Z,access,9.0,Sample comment
tkt_4d75,usr_c51527bb,2024-08-31T00:00:00Z,2024-09-03T16:00:00Z,billing,9.0,
tkt_944f,usr_5234b82f,2024-07-17T00:00:00Z,2024-07-17T15:00:00Z,technical,10.0,
tkt_b5b0,usr_6c25dd30,2024-05-20T00:00:00Z,2024-05-23T02:00:00Z,feature_req,10.0,Sample comment
tkt_cbd3,usr_56758f84,2024-12-22T00:00:00Z,2024-12-24T00:00:00Z,feature_req,7.0,
tkt_3644,usr_f7a2e51e,2024-06-03T00:00:00Z,2024-06-05T06:00:00Z,technical,10.0,
tkt_e54e,usr_988559ff,2024-07-18T00:00:00Z,2024-07-20T16:00:00Z,billing,8.0,Sample comment
tkt_bc8c,usr_b1e7c627,2024-08-21T00:00:00Z,2024-08-22T12:00:00Z,feature_req,7.0,
tkt_9349,usr_24c27504,2024-11-25T00:00:00Z,2024-11-26T13:00:00Z,access,6.0,
tkt_6c32,usr_6aedfd65,2024-12-08T00:00:00Z,2024-12-09T22:00:00Z,access,9.0,
tkt_22fe,usr_f8a1d903,2024-09-29T00:00:00Z,2024-10-02T05:00:00Z,feature_req,10.0,Sample comment
tkt_5d7c,usr_d6704c1e,2024-01-15T00:00:00Z,2024-01-17T19:00:00Z,technical,9.0,
tkt_acf1,usr_1e526bea,2024-10-05T00:00:00Z,2024-10-06T01:00:00Z,billing,6.0,
tkt_6f3c,usr_63a08f71,2024-05-18T00:00:00Z,2024-05-22T01:00:00Z,feature_req,10.0,Sample comment
tkt_ecc9,usr_497512e7,2024-10-21T00:00:00Z,2024-10-24T18:00:00Z,technical,4.0,
tkt_b2d9,usr_91006d62,2024-09-09T00:00:00Z,2024-09-13T03:00:00Z,feature_req,4.0,
tkt_1280,usr_065f9f66,2024-04-24T00:00:00Z,2024-04-25T15:00:00Z,access,9.0,
tkt_7d09,usr_e9fdb455,2024-05-31T00:00:00Z,2024-06-03T03:00:00Z,access,9.0,Sample comment
tkt_0aae,usr_d02084e1,2024-05-12T00:00:00Z,2024-05-14T08:00:00Z,access,6.0,
tkt_2561,usr_b363a531,2024-01-30T00:00:00Z,2024-01-30T14:00:00Z,technical,9.0,
tkt_b873,usr_297dfe3c,2024-04-22T00:00:00Z,2024-04-22T10:00:00Z,billing,7.0,Sample comment
tkt_ff3e,usr_17d787c8,2024-12-06T00:00:00Z,2024-12-06T04:00:00Z,feature_req,9.0,Sample comment
tkt_5bfa,usr_247286e7,2024-02-07T00:00:00Z,2024-02-08T01:00:00Z,technical,10.0,
tkt_5c0f,usr_a837c94b,2024-06-07T00:00:00Z,2024-06-07T09:00:00Z,access,10.0,
tkt_bedf,usr_680e865e,2024-08-09T00:00:00Z,2024-08-09T21:00:00Z,technical,8.0,
tkt_b495,usr_6efa66bf,2024-10-17T00:00:00Z,2024-10-18T20:00:00Z,technical,10.0,
tkt_4e7f,usr_5a4b1e69,2024-04-25T00:00:00Z,2024-04-26T03:00:00Z,billing,8.0,Sample comment
tkt_11ec,usr_bc6521d7,2024-12-13T00:00:00Z,2024-12-13T09:00:00Z,billing,7.0,
tkt_082c,usr_1828269e,2024-07-07T00:00:00Z,2024-07-10T02:00:00Z,feature_req,10.0,
tkt_9c7b,usr_ad2e353f,2024-07-19T00:00:00Z,2024-07-20T22:00:00Z,access,10.0,
tkt_a456,usr_a610277c,2024-04-18T00:00:00Z,2024-04-18T03:00:00Z,billing,10.0,
tkt_de30,usr_39d0f1e9,2024-03-24T00:00:00Z,2024-03-25T05:00:00Z,feature_req,10.0,
tkt_1f90,usr_6296c042,2024-08-26T00:00:00Z,2024-08-26T12:00:00Z,access,9.0,Sample comment
tkt_a07e,usr_480b4567,2024-11-24T00:00:00Z,2024-11-24T07:00:00Z,technical,8.0,Sample comment
tkt_08cd,usr_66a39c7d,2024-09-13T00:00:00Z,2024-09-13T22:00:00Z,access,10.0,
tkt_5270,usr_6797dec1,2024-10-27T00:00:00Z,2024-10-27T10:00:00Z,billing,9.0,
tkt_20f2,usr_06704491,2024-12-02T00:00:00Z,2024-12-03T13:00:00Z,billing,8.0,
tkt_ca41,usr_874ff623,2024-08-04T00:00:00Z,2024-08-06T03:00:00Z,access,9.0,
tkt_1649,usr_f6d1a43e,2024-09-10T00:00:00Z,2024-09-12T07:00:00Z,technical,8.0,Sample comment
tkt_9700,usr_774b6cd2,2024-10-13T00:00:00Z,2024-10-16T07:00:00Z,billing,9.0,
tkt_3519,usr_e8e36af4,2024-06-21T00:00:00Z,2024-06-23T12:00:00Z,feature_req,7.0,Sample comment
tkt_22ee,usr_068c7997,2024-04-18T00:00:00Z,2024-04-20T22:00:00Z,billing,6.0,
tkt_5db7,usr_0b1f7aa9,2024-09-21T00:00:00Z,2024-09-21T10:00:00Z,feature_req,10.0,
tkt_3994,usr_5329f279,2024-06-08T00:00:00Z,2024-06-10T10:00:00Z,access,9.0,
tkt_65eb,usr_7f580e68,2024-04-13T00:00:00Z,2024-04-16T02:00:00Z,access,9.0,
tkt_51f0,usr_48a2f962,2024-05-26T00:00:00Z,2024-05-26T02:00:00Z,access,9.0,
tkt_b532,usr_3f34c66e,2024-12-04T00:00:00Z,2024-12-04T22:00:00Z,access,9.0,Sample comment
tkt_d237,usr_d7884795,2024-08-29T00:00:00Z,2024-09-02T02:00:00Z,billing,7.0,
tkt_c2e9,usr_84505daa,2024-12-17T00:00:00Z,2024-12-20T15:00:00Z,access,9.0,
tkt_93dd,usr_fe2c8cc4,2024-08-12T00:00:00Z,2024-08-13T08:00:00Z,billing,9.0,Sample comment
tkt_a46a,usr_f5942d30,2024-07-09T00:00:00Z,2024-07-13T00:00:00Z,feature_req,7.0,
tkt_25fd,usr_b79b5e31,2024-04-07T00:00:00Z,2024-04-09T21:00:00Z,billing,8.0,Sample comment
tkt_e095,usr_57118c5d,2024-10-10T00:00:00Z,2024-10-12T21:00:00Z,access,10.0,
tkt_711c,usr_793ac469,2024-08-18T00:00:00Z,2024-08-18T12:00:00Z,feature_req,7.0,
tkt_37db,usr_00fbb52e,2024-10-07T00:00:00Z,2024-10-09T11:00:00Z,feature_req,7.0,
tkt_774a,usr_7023efa5,2024-04-18T00:00:00Z,2024-04-22T01:00:00Z,feature_req,9.0,
tkt_ba48,usr_a5ac5008,2024-11-04T00:00:00Z,2024-11-07T15:00:00Z,technical,10.0,
tkt_6958,usr_49915c81,2024-05-28T00:00:00Z,2024-05-30T08:00:00Z,technical,9.0,
tkt_7de6,usr_f941293a,2024-04-16T00:00:00Z,2024-04-17T23:00:00Z,technical,10.0,
tkt_0b91,usr_455cd8d1,2024-12-02T00:00:00Z,2024-12-05T05:00:00Z,billing,9.0,
tkt_62c8,usr_1c51bf14,2024-04-28T00:00:00Z,2024-04-30T23:00:00Z,billing,9.0,
tkt_78e8,usr_b2106961,2024-08-21T00:00:00Z,2024-08-24T03:00:00Z,billing,9.0,
tkt_f0ec,usr_2ab8e84c,2024-11-23T00:00:00Z,2024-11-24T06:00:00Z,technical,6.0,
tkt_6df9,usr_196e7d4b,2024-12-21T00:00:00Z,2024-12-25T04:00:00Z,access,10.0,
tkt_12cf,usr_eeb997a8,2024-04-03T00:00:00Z,2024-04-03T10:00:00Z,feature_req,10.0,
tkt_a872,usr_329efb82,2024-08-07T00:00:00Z,2024-08-10T04:00:00Z,access,9.0,
tkt_4a06,usr_2b29ff9e,2024-04-25T00:00:00Z,2024-04-27T14:00:00Z,access,9.0,
tkt_4adc,usr_8ead5789,2024-09-11T00:00:00Z,2024-09-14T09:00:00Z,access,10.0,Sample comment
tkt_bd4a,usr_bdab59a0,2024-05-15T00:00:00Z,2024-05-16T06:00:00Z,feature_req,10.0,
tkt_2cee,usr_e01ad1f4,2024-05-31T00:00:00Z,2024-05-31T09:00:00Z,billing,8.0,
tkt_8e0a,usr_019145b9,2024-02-01T00:00:00Z,2024-02-03T19:00:00Z,technical,9.0,Sample comment
tkt_c60d,usr_1eb30868,2024-03-06T00:00:00Z,2024-03-09T11:00:00Z,access,9.0,Sample comment
tkt_213c,usr_a1e9a262,2024-05-05T00:00:00Z,2024-05-07T21:00:00Z,billing,2.0,
tkt_5a73,usr_829156da,2024-04-07T00:00:00Z,2024-04-07T20:00:00Z,feature_req,8.0,
tkt_c372,usr_6b536530,2024-07-11T00:00:00Z,2024-07-12T15:00:00Z,access,4.0,
tkt_5649,usr_d8e25d71,2024-02-11T00:00:00Z,2024-02-12T04:00:00Z,feature_req,10.0,Sample comment
tkt_3e74,usr_0eaa0315,2024-05-28T00:00:00Z,2024-05-29T03:00:00Z,billing,9.0,
tkt_9127,usr_a9d8d9ff,2024-02-15T00:00:00Z,2024-02-15T18:00:00Z,billing,9.0,
tkt_97ac,usr_46fa883c,2024-12-16T00:00:00Z,2024-12-19T19:00:00Z,billing,9.0,
tkt_e085,usr_d3c95ffb,2024-07-22T00:00:00Z,2024-07-23T08:00:00Z,feature_req,6.0,
tkt_3d6d,usr_8399f862,2024-10-28T00:00:00Z,2024-10-28T15:00:00Z,feature_req,10.0,
tkt_90eb,usr_c1dcfa57,2024-12-21T00:00:00Z,2024-12-22T10:00:00Z,technical,10.0,
tkt_e9c9,usr_fbefd249,2024-08-16T00:00:00Z,2024-08-17T06:00:00Z,feature_req,8.0,
tkt_82c4,usr_dd98d315,2024-11-30T00:00:00Z,2024-12-02T19:00:00Z,access,1.0,
tkt_f4a1,usr_d39f5577,2024-05-04T00:00:00Z,2024-05-06T16:00:00Z,billing,7.0,Sample comment
tkt_3dad,usr_bbdfa585,2024-03-19T00:00:00Z,2024-03-20T01:00:00Z,technical,9.0,Sample comment
tkt_65ef,usr_1ec26916,2024-05-21T00:00:00Z,2024-05-22T11:00:00Z,access,10.0,Sample comment
tkt_45f3,usr_0d6fc8cb,2024-08-09T00:00:00Z,2024-08-13T00:00:00Z,technical,10.0,Sample comment
tkt_0e33,usr_a7582729,2024-09-26T00:00:00Z,2024-09-26T14:00:00Z,feature_req,7.0,
tkt_2487,usr_de20e557,2024-07-16T00:00:00Z,2024-07-16T13:00:00Z,technical,8.0,
tkt_1319,usr_1fe0fc00,2024-11-12T00:00:00Z,2024-11-15T14:00:00Z,technical,8.0,
tkt_b748,usr_97d78788,2024-10-13T00:00:00Z,2024-10-14T20:00:00Z,billing,9.0,
tkt_3570,usr_08dca72a,2024-03-26T00:00:00Z,2024-03-26T21:00:00Z,access,3.0,Sample comment
tkt_24ab,usr_b81c0c44,2024-05-31T00:00:00Z,2024-06-01T10:00:00Z,feature_req,7.0,Sample comment
tkt_adbd,usr_0e416f77,2024-04-02T00:00:00Z,2024-04-04T00:00:00Z,access,8.0,
tkt_4b40,usr_7aec689f,2024-03-04T00:00:00Z,2024-03-07T08:00:00Z,billing,10.0,
tkt_4ac2,usr_3936c11f,2024-10-24T00:00:00Z,2024-10-26T14:00:00Z,billing,9.0,
tkt_138a,usr_19550af7,2024-12-27T00:00:00Z,2024-12-30T12:00:00Z,access,8.0,Sample comment
tkt_15f2,usr_c5f41662,2024-06-08T00:00:00Z,2024-06-10T18:00:00Z,billing,10.0,Sample comment
tkt_39e7,usr_8233e7ac,2024-09-30T00:00:00Z,2024-10-02T23:00:00Z,feature_req,10.0,Sample comment
tkt_c6a1,usr_ef0c0ae3,2024-03-18T00:00:00Z,2024-03-21T07:00:00Z,access,9.0,
tkt_f176,usr_f96da425,2024-11-10T00:00:00Z,2024-11-11T12:00:00Z,access,10.0,Sample comment
tkt_075e,usr_204b1199,2024-12-04T00:00:00Z,2024-12-05T21:00:00Z,access,8.0,
tkt_6636,usr_517f757c,2024-12-28T00:00:00Z,,technical,,
tkt_a403,usr_3005334a,2024-06-16T00:00:00Z,2024-06-17T23:00:00Z,billing,7.0,
tkt_f770,usr_23ddadbc,2024-11-14T00:00:00Z,2024-11-15T11:00:00Z,access,8.0,
tkt_5dfa,usr_cacad9ca,2024-04-29T00:00:00Z,2024-05-01T19:00:00Z,access,8.0,Sample comment
tkt_513f,usr_8f6c064e,2024-04-11T00:00:00Z,2024-04-12T20:00:00Z,billing,10.0,
tkt_2cf6,usr_3d4ac47e,2024-06-10T00:00:00Z,2024-06-13T10:00:00Z,technical,9.0,
tkt_cda8,usr_c91effc1,2024-03-17T00:00:00Z,2024-03-17T13:00:00Z,access,10.0,
tkt_1590,usr_b97ecb84,2024-12-17T00:00:00Z,2024-12-20T21:00:00Z,feature_req,8.0,Sample comment
tkt_27c7,usr_7c2fe52a,2024-08-03T00:00:00Z,2024-08-07T01:00:00Z,access,10.0,
tkt_d6ee,usr_ed38699c,2024-05-25T00:00:00Z,2024-05-25T03:00:00Z,feature_req,5.0,
tkt_aeb0,usr_05cef2cc,2024-10-22T00:00:00Z,2024-10-25T17:00:00Z,billing,10.0,
tkt_aea7,usr_7dc01d48,2024-06-03T00:00:00Z,2024-06-06T04:00:00Z,billing,9.0,
tkt_47b7,usr_92a53216,2024-01-23T00:00:00Z,2024-01-26T11:00:00Z,feature_req,10.0,
tkt_9a94,usr_e0ee36b1,2024-12-16T00:00:00Z,2024-12-17T05:00:00Z,billing,9.0,
tkt_7b97,usr_2947cbf4,2024-11-05T00:00:00Z,2024-11-07T02:00:00Z,feature_req,10.0,
tkt_13d1,usr_67ea3e26,2024-01-27T00:00:00Z,2024-01-27T04:00:00Z,access,8.0,
tkt_f9ff,usr_4cd73d8d,2024-02-12T00:00:00Z,2024-02-13T00:00:00Z,billing,9.0,
tkt_9fc2,usr_f088836c,2024-03-20T00:00:00Z,2024-03-22T10:00:00Z,technical,8.0,Sample comment
tkt_7ca0,usr_43ee2529,2024-07-08T00:00:00Z,2024-07-12T04:00:00Z,billing,8.0,
tkt_e9fb,usr_556800da,2024-11-21T00:00:00Z,2024-11-24T09:00:00Z,feature_req,9.0,
tkt_25ad,usr_b908c79c,2024-03-18T00:00:00Z,2024-03-18T12:00:00Z,access,8.0,Sample comment
tkt_29f5,usr_e1916c2d,2024-06-15T00:00:00Z,2024-06-15T23:00:00Z,billing,7.0,Sample comment
tkt_b1f7,usr_bb3b3fd6,2024-11-01T00:00:00Z,2024-11-01T23:00:00Z,technical,10.0,Sample comment
tkt_3ebb,usr_ea7ccb9d,2024-12-12T00:00:00Z,2024-12-14T14:00:00Z,billing,8.0,
tkt_ed68,usr_5f80ce1a,2024-12-04T00:00:00Z,2024-12-06T10:00:00Z,access,10.0,
tkt_ac9f,usr_895351f2,2024-12-31T00:00:00Z,,feature_req,,
tkt_5505,usr_474d82b8,2024-07-03T00:00:00Z,2024-07-05T14:00:00Z,technical,10.0,
tkt_430b,usr_c55c367c,2024-12-31T00:00:00Z,,technical,,
tkt_631b,usr_61ac17e3,2024-02-15T00:00:00Z,2024-02-16T20:00:00Z,technical,10.0,
tkt_c686,usr_f90a41ed,2024-05-08T00:00:00Z,2024-05-10T17:00:00Z,billing,9.0,Sample comment
tkt_581e,usr_10aa62df,2024-04-16T00:00:00Z,2024-04-16T13:00:00Z,access,7.0,
tkt_e9ec,usr_a4bbe849,2024-04-01T00:00:00Z,2024-04-03T21:00:00Z,feature_req,4.0,Sample comment
tkt_c6c8,usr_5611766b,2024-12-28T00:00:00Z,2024-12-28T21:00:00Z,technical,9.0,Sample comment
tkt_3674,usr_0a35c831,2024-04-08T00:00:00Z,2024-04-08T11:00:00Z,feature_req,9.0,
tkt_2661,usr_247d05d4,2024-01-29T00:00:00Z,2024-01-30T14:00:00Z,access,3.0,
tkt_f7f6,usr_be65d928,2024-03-05T00:00:00Z,2024-03-05T04:00:00Z,technical,9.0,
tkt_7bfb,usr_3acb59d9,2024-10-08T00:00:00Z,2024-10-11T19:00:00Z,billing,9.0,Sample comment
tkt_83dd,usr_7acb68d6,2024-02-17T00:00:00Z,2024-02-19T12:00:00Z,feature_req,8.0,
tkt_3eba,usr_cfcce226,2024-04-03T00:00:00Z,2024-04-07T03:00:00Z,access,10.0,
tkt_126a,usr_a76afb81,2024-07-14T00:00:00Z,2024-07-17T15:00:00Z,access,10.0,
tkt_6f92,usr_a29df142,2024-10-17T00:00:00Z,2024-10-19T13:00:00Z,billing,9.0,Sample comment
tkt_0737,usr_d1cd98d5,2024-07-14T00:00:00Z,2024-07-14T20:00:00Z,access,7.0,
tkt_38f6,usr_6f1d755e,2024-05-07T00:00:00Z,2024-05-09T04:00:00Z,feature_req,8.0,
tkt_5b91,usr_8a09e6c8,2024-07-14T00:00:00Z,2024-07-14T16:00:00Z,feature_req,6.0,
tkt_e27e,usr_f1e6568d,2024-03-31T00:00:00Z,2024-04-02T08:00:00Z,access,6.0,
tkt_be8b,usr_82a220a8,2024-03-20T00:00:00Z,2024-03-20T20:00:00Z,access,7.0,
tkt_edb3,usr_a126f8d9,2024-10-10T00:00:00Z,2024-10-11T07:00:00Z,billing,8.0,Sample comment
tkt_f0da,usr_76f76888,2024-10-12T00:00:00Z,2024-10-15T17:00:00Z,billing,10.0,
tkt_8ece,usr_309f533a,2024-09-03T00:00:00Z,2024-09-05T18:00:00Z,technical,9.0,
tkt_7a79,usr_30137ad8,2024-09-28T00:00:00Z,2024-09-28T09:00:00Z,technical,10.0,
tkt_ecfd,usr_fb302975,2024-10-30T00:00:00Z,2024-11-02T22:00:00Z,feature_req,8.0,Sample comment
tkt_51bf,usr_a339faaa,2024-11-30T00:00:00Z,2024-11-30T22:00:00Z,technical,9.0,
tkt_37d8,usr_ce752c65,2024-08-26T00:00:00Z,2024-08-27T07:00:00Z,access,10.0,Sample comment
tkt_ebf5,usr_8ce204d6,2024-02-02T00:00:00Z,2024-02-04T20:00:00Z,billing,9.0,
tkt_7258,usr_b56ca65d,2024-11-12T00:00:00Z,2024-11-12T16:00:00Z,feature_req,9.0,
tkt_dccb,usr_035a2d39,2024-03-22T00:00:00Z,2024-03-23T00:00:00Z,access,8.0,Sample comment
tkt_f446,usr_b2166563,2024-01-22T00:00:00Z,2024-01-25T12:00:00Z,access,9.0,
tkt_6822,usr_e206ed06,2024-10-08T00:00:00Z,2024-10-11T02:00:00Z,billing,10.0,Sample comment
tkt_d2da,usr_fc95d45b,2024-11-07T00:00:00Z,2024-11-10T07:00:00Z,technical,3.0,
tkt_5e49,usr_066e0023,2024-09-11T00:00:00Z,2024-09-15T04:00:00Z,feature_req,10.0,
tkt_e865,usr_54b76044,2024-09-22T00:00:00Z,2024-09-24T15:00:00Z,technical,10.0,Sample comment
tkt_83f8,usr_e91bd7af,2024-03-23T00:00:00Z,2024-03-26T05:00:00Z,feature_req,7.0,
tkt_3324,usr_19e6a59c,2024-07-07T00:00:00Z,2024-07-09T21:00:00Z,billing,7.0,Sample comment
tkt_f167,usr_0a46a48e,2024-08-23T00:00:00Z,2024-08-23T12:00:00Z,billing,8.0,
tkt_00ff,usr_87bb8502,2024-07-05T00:00:00Z,2024-07-05T03:00:00Z,access,9.0,
tkt_4a19,usr_dcd33c67,2024-10-27T00:00:00Z,2024-10-30T13:00:00Z,technical,9.0,
tkt_1596,usr_7945689b,2024-07-25T00:00:00Z,2024-07-25T11:00:00Z,technical,0.0,
tkt_e505,usr_09c1d51d,2024-09-16T00:00:00Z,2024-09-17T05:00:00Z,feature_req,10.0,
tkt_5a60,usr_60dcbf16,2024-10-22T00:00:00Z,2024-10-23T09:00:00Z,feature_req,0.0,
tkt_71f4,usr_25dfb7bd,2024-09-28T00:00:00Z,2024-09-29T07:00:00Z,feature_req,10.0,
tkt_f357,usr_5b727fca,2024-09-26T00:00:00Z,2024-09-26T15:00:00Z,access,3.0,Sample comment
tkt_1b76,usr_8ab8274e,2024-09-20T00:00:00Z,2024-09-20T08:00:00Z,access,7.0,
tkt_6264,usr_ee0357ad,2024-09-15T00:00:00Z,2024-09-15T20:00:00Z,technical,10.0,
tkt_ced4,usr_4fa1e43d,2024-11-23T00:00:00Z,2024-11-24T06:00:00Z,feature_req,7.0,
tkt_c109,usr_aa527b93,2024-09-07T00:00:00Z,2024-09-07T17:00:00Z,access,8.0,
tkt_1f15,usr_f3d34a2f,2024-06-18T00:00:00Z,2024-06-18T21:00:00Z,feature_req,9.0,Sample comment
tkt_3d06,usr_0baca781,2024-02-04T00:00:00Z,2024-02-07T08:00:00Z,access,9.0,
tkt_b7d0,usr_badeb571,2024-07-05T00:00:00Z,2024-07-07T23:00:00Z,feature_req,9.0,
tkt_facb,usr_3d35577d,2024-09-24T00:00:00Z,2024-09-26T07:00:00Z,technical,9.0,
tkt_254d,usr_ea58e118,2024-03-23T00:00:00Z,2024-03-24T09:00:00Z,billing,4.0,
tkt_565c,usr_031d3985,2024-08-08T00:00:00Z,2024-08-09T20:00:00Z,feature_req,10.0,Sample comment
tkt_af49,usr_1233c703,2024-08-16T00:00:00Z,2024-08-16T18:00:00Z,billing,10.0,
tkt_5303,usr_cfb18b0e,2024-11-02T00:00:00Z,2024-11-02T11:00:00Z,access,10.0,Sample comment
tkt_5503,usr_0664fd34,2024-07-24T00:00:00Z,2024-07-27T13:00:00Z,billing,10.0,
tkt_746c,usr_3f087e38,2024-02-19T00:00:00Z,2024-02-20T09:00:00Z,access,8.0,
tkt_259a,usr_a86ebb7d,2024-02-06T00:00:00Z,2024-02-08T13:00:00Z,feature_req,9.0,
tkt_2961,usr_3da778fc,2024-04-26T00:00:00Z,2024-04-30T04:00:00Z,technical,10.0,
tkt_9e80,usr_6c379eba,2024-08-02T00:00:00Z,2024-08-02T09:00:00Z,billing,8.0,Sample comment
tkt_0aa0,usr_7a236514,2024-04-10T00:00:00Z,2024-04-13T18:00:00Z,access,9.0,
tkt_46d7,usr_0c250591,2024-12-20T00:00:00Z,2024-12-23T14:00:00Z,technical,3.0,
tkt_1d5a,usr_7d5730bb,2024-10-24T00:00:00Z,2024-10-27T15:00:00Z,billing,10.0,
tkt_5448,usr_3e650a74,2024-11-21T00:00:00Z,2024-11-22T23:00:00Z,access,10.0,Sample comment
tkt_e3e8,usr_73078963,2024-08-31T00:00:00Z,2024-09-03T05:00:00Z,feature_req,8.0,
tkt_decc,usr_b816b236,2024-12-17T00:00:00Z,2024-12-17T13:00:00Z,access,9.0,
tkt_922d,usr_292e86da,2024-04-08T00:00:00Z,2024-04-10T10:00:00Z,billing,10.0,
tkt_33d6,usr_7ed3a5eb,2024-11-06T00:00:00Z,2024-11-09T13:00:00Z,access,9.0,Sample comment
tkt_8b96,usr_f9ef332d,2024-03-15T00:00:00Z,2024-03-16T15:00:00Z,access,8.0,
tkt_bbfb,usr_88a6dfd9,2024-12-04T00:00:00Z,2024-12-04T02:00:00Z,billing,8.0,Sample comment
tkt_d703,usr_06a4c7a3,2024-07-07T00:00:00Z,2024-07-10T00:00:00Z,feature_req,7.0,
tkt_2aa3,usr_c7046d0a,2024-12-08T00:00:00Z,2024-12-11T02:00:00Z,technical,9.0,
tkt_8cf1,usr_8eacad6a,2024-12-13T00:00:00Z,2024-12-16T17:00:00Z,technical,8.0,
tkt_e44f,usr_f9f9e901,2024-05-02T00:00:00Z,2024-05-02T06:00:00Z,access,10.0,
tkt_455c,usr_ed4d57a3,2024-10-06T00:00:00Z,2024-10-10T00:00:00Z,feature_req,3.0,
tkt_e26c,usr_0195340f,2024-05-06T00:00:00Z,2024-05-07T23:00:00Z,access,9.0,
tkt_6ff5,usr_3f550460,2024-11-14T00:00:00Z,2024-11-15T21:00:00Z,access,9.0,
tkt_3e87,usr_cf1b76d5,2024-05-09T00:00:00Z,2024-05-12T22:00:00Z,access,10.0,Sample comment
tkt_7e60,usr_bb239b24,2024-04-28T00:00:00Z,2024-05-01T03:00:00Z,feature_req,9.0,Sample comment
tkt_56ed,usr_039b0d2c,2024-02-24T00:00:00Z,2024-02-26T05:00:00Z,access,8.0,Sample comment
tkt_0f47,usr_36371e26,2024-12-28T00:00:00Z,2024-12-28T13:00:00Z,access,9.0,Sample comment
tkt_644a,usr_9f1ded93,2024-12-22T00:00:00Z,2024-12-24T05:00:00Z,technical,8.0,Sample comment
tkt_c4c3,usr_10fb9fdc,2024-04-07T00:00:00Z,2024-04-09T10:00:00Z,access,8.0,
tkt_2c40,usr_9d6bb895,2024-05-19T00:00:00Z,2024-05-22T02:00:00Z,billing,10.0,
tkt_0001,usr_8f5389bc,2024-02-03T00:00:00Z,2024-02-06T19:00:00Z,feature_req,8.0,
tkt_e2e2,usr_8c9bf09c,2024-02-14T00:00:00Z,2024-02-17T22:00:00Z,technical,10.0,
tkt_f7da,usr_29174006,2024-03-02T00:00:00Z,2024-03-05T20:00:00Z,feature_req,10.0,
tkt_efef,usr_452281e0,2024-09-09T00:00:00Z,2024-09-11T22:00:00Z,feature_req,9.0,Sample comment
tkt_c1fd,usr_a8232011,2024-07-11T00:00:00Z,2024-07-11T12:00:00Z,technical,9.0,Sample comment
tkt_94b7,usr_54d2aa98,2024-06-06T00:00:00Z,2024-06-06T07:00:00Z,access,10.0,
tkt_04f8,usr_9007929b,2024-01-16T00:00:00Z,2024-01-19T10:00:00Z,technical,7.0,
tkt_224c,usr_306c065a,2024-12-10T00:00:00Z,2024-12-11T15:00:00Z,feature_req,9.0,
tkt_af40,usr_dcecac54,2024-04-24T00:00:00Z,2024-04-24T09:00:00Z,billing,10.0,
tkt_1781,usr_9f3cf05c,2024-11-15T00:00:00Z,2024-11-16T18:00:00Z,billing,8.0,Sample comment
tkt_3396,usr_de6c47f2,2024-06-18T00:00:00Z,2024-06-19T00:00:00Z,technical,7.0,
tkt_469c,usr_e4632843,2024-08-08T00:00:00Z,2024-08-09T08:00:00Z,technical,9.0,
tkt_6606,usr_6b2471dd,2024-10-13T00:00:00Z,2024-10-16T09:00:00Z,technical,9.0,
tkt_1ec0,usr_f8b0890a,2024-10-03T00:00:00Z,2024-10-07T03:00:00Z,access,10.0,
tkt_9ee3,usr_7d2e76a4,2024-09-18T00:00:00Z,2024-09-19T18:00:00Z,access,9.0,Sample comment
tkt_3022,usr_01bc2a30,2024-04-08T00:00:00Z,2024-04-10T12:00:00Z,technical,9.0,Sample comment
tkt_ae9b,usr_05afda5e,2024-11-25T00:00:00Z,2024-11-25T13:00:00Z,feature_req,7.0,
tkt_9f72,usr_576f2688,2024-10-26T00:00:00Z,2024-10-26T09:00:00Z,access,9.0,
tkt_eb0b,usr_c9993c2d,2024-12-05T00:00:00Z,2024-12-08T01:00:00Z,feature_req,9.0,Sample comment
tkt_52da,usr_e539161f,2024-01-13T00:00:00Z,2024-01-14T21:00:00Z,access,9.0,
tkt_74b2,usr_d40037f0,2024-05-03T00:00:00Z,2024-05-06T10:00:00Z,access,9.0,
tkt_5f94,usr_275c6253,2024-06-03T00:00:00Z,2024-06-04T10:00:00Z,billing,7.0,
tkt_eb8e,usr_3b57ac2e,2024-03-18T00:00:00Z,2024-03-18T19:00:00Z,feature_req,10.0,Sample comment
tkt_fd6c,usr_03ee4860,2024-03-16T00:00:00Z,2024-03-16T17:00:00Z,billing,7.0,Sample comment
tkt_fb6b,usr_b59c6e9a,2024-05-04T00:00:00Z,2024-05-06T15:00:00Z,feature_req,9.0,
tkt_6fa6,usr_797a3ee7,2024-03-07T00:00:00Z,2024-03-08T16:00:00Z,feature_req,0.0,
tkt_6c32,usr_1fb5855f,2024-11-25T00:00:00Z,2024-11-27T05:00:00Z,billing,8.0,Sample comment
tkt_eea5,usr_af9e96c3,2024-01-09T00:00:00Z,2024-01-12T22:00:00Z,billing,10.0,
tkt_81c3,usr_1bd50c50,2024-02-17T00:00:00Z,2024-02-17T07:00:00Z,feature_req,8.0,
tkt_1b15,usr_76070024,2024-11-22T00:00:00Z,2024-11-23T09:00:00Z,technical,10.0,Sample comment
tkt_e8cc,usr_54bc4273,2024-05-28T00:00:00Z,2024-05-29T06:00:00Z,technical,9.0,
tkt_0897,usr_734dbefc,2024-05-17T00:00:00Z,2024-05-20T09:00:00Z,access,10.0,
tkt_17f6,usr_b3dc4282,2024-07-24T00:00:00Z,2024-07-25T16:00:00Z,access,1.0,Sample comment
tkt_b4c8,usr_a0c23398,2024-03-13T00:00:00Z,2024-03-13T12:00:00Z,technical,6.0,Sample comment
tkt_1ff9,usr_53c3248e,2024-11-19T00:00:00Z,2024-11-21T03:00:00Z,access,10.0,
tkt_ed97,usr_a9870f17,2024-01-13T00:00:00Z,2024-01-16T06:00:00Z,feature_req,3.0,
tkt_7de9,usr_a3b45049,2024-04-01T00:00:00Z,2024-04-02T17:00:00Z,technical,7.0,
tkt_3231,usr_00c75b60,2024-05-20T00:00:00Z,2024-05-23T13:00:00Z,access,7.0,
tkt_4c6e,usr_32c089d2,2024-11-23T00:00:00Z,2024-11-23T07:00:00Z,feature_req,8.0,Sample comment
tkt_ed4e,usr_f0ab8989,2024-03-11T00:00:00Z,2024-03-11T05:00:00Z,feature_req,2.0,Sample comment
tkt_9bd4,usr_7bbea930,2024-07-29T00:00:00Z,2024-08-01T22:00:00Z,feature_req,10.0,Sample comment
tkt_24eb,usr_2139f557,2024-11-02T00:00:00Z,2024-11-04T17:00:00Z,feature_req,8.0,Sample comment
tkt_60ac,usr_84bc0605,2024-05-29T00:00:00Z,2024-05-30T19:00:00Z,technical,8.0,
tkt_4a18,usr_88fb514d,2024-12-04T00:00:00Z,2024-12-05T16:00:00Z,billing,2.0,
tkt_e3d7,usr_e031bf63,2024-04-17T00:00:00Z,2024-04-19T20:00:00Z,billing,10.0,Sample comment
tkt_72b0,usr_59e4dc98,2024-10-17T00:00:00Z,2024-10-20T15:00:00Z,access,8.0,
tkt_b6d7,usr_1fb40b15,2024-08-02T00:00:00Z,2024-08-04T19:00:00Z,feature_req,0.0,
tkt_7616,usr_72405d39,2024-11-20T00:00:00Z,2024-11-20T19:00:00Z,access,10.0,
tkt_0e8e,usr_7cb9cb56,2024-12-25T00:00:00Z,2024-12-27T04:00:00Z,access,7.0,
tkt_3153,usr_b515404a,2024-08-31T00:00:00Z,2024-09-03T20:00:00Z,technical,10.0,Sample comment
tkt_4c6a,usr_4ffef963,2024-09-05T00:00:00Z,2024-09-07T18:00:00Z,billing,8.0,
tkt_186e,usr_6fbd48f0,2024-12-14T00:00:00Z,2024-12-16T14:00:00Z,feature_req,10.0,
tkt_e47d,usr_ddb23aa5,2024-05-08T00:00:00Z,2024-05-09T19:00:00Z,feature_req,10.0,
tkt_0b9f,usr_238deb52,2024-08-23T00:00:00Z,2024-08-27T03:00:00Z,feature_req,10.0,
tkt_5c00,usr_7006ebd9,2024-11-22T00:00:00Z,2024-11-25T15:00:00Z,billing,8.0,
tkt_15bd,usr_29a30775,2024-11-06T00:00:00Z,2024-11-07T15:00:00Z,billing,10.0,
tkt_e6da,usr_59c37205,2024-11-18T00:00:00Z,2024-11-18T13:00:00Z,feature_req,9.0,
tkt_9c53,usr_cb039653,2024-09-25T00:00:00Z,2024-09-27T17:00:00Z,access,9.0,
tkt_9dbb,usr_367e84c7,2024-07-13T00:00:00Z,2024-07-15T12:00:00Z,technical,8.0,
tkt_73d5,usr_6598baf1,2024-06-05T00:00:00Z,2024-06-07T08:00:00Z,access,9.0,
tkt_6c07,usr_7ec61a09,2024-02-19T00:00:00Z,2024-02-20T20:00:00Z,billing,10.0,
tkt_f947,usr_18edeadb,2024-09-19T00:00:00Z,2024-09-22T03:00:00Z,billing,9.0,
tkt_03dc,usr_1fc40c69,2024-03-19T00:00:00Z,2024-03-21T04:00:00Z,technical,10.0,
tkt_5691,usr_42acd5c6,2024-11-29T00:00:00Z,2024-11-30T09:00:00Z,technical,10.0,
tkt_050a,usr_5691dac4,2024-10-10T00:00:00Z,2024-10-12T05:00:00Z,feature_req,7.0,Sample comment
tkt_7128,usr_07fbdbf3,2024-03-30T00:00:00Z,2024-03-30T14:00:00Z,access,8.0,
tkt_a0ff,usr_b3596d88,2024-02-25T00:00:00Z,2024-02-26T08:00:00Z,feature_req,10.0,
tkt_ac61,usr_6be4fae4,2024-09-29T00:00:00Z,2024-10-01T22:00:00Z,access,8.0,Sample comment
tkt_a589,usr_8e2159ab,2024-12-09T00:00:00Z,2024-12-10T09:00:00Z,billing,7.0,
tkt_babf,usr_113d794e,2024-11-20T00:00:00Z,2024-11-22T07:00:00Z,feature_req,10.0,Sample comment
tkt_b640,usr_aba4fb66,2024-06-21T00:00:00Z,2024-06-24T20:00:00Z,access,9.0,
tkt_5f36,usr_cb613b71,2024-06-10T00:00:00Z,2024-06-11T12:00:00Z,technical,10.0,Sample comment
tkt_4b38,usr_acd5961f,2024-09-14T00:00:00Z,2024-09-17T18:00:00Z,access,4.0,Sample comment
tkt_196c,usr_90cc6baf,2024-09-16T00:00:00Z,2024-09-16T23:00:00Z,technical,8.0,
tkt_3e4c,usr_21045f43,2024-12-13T00:00:00Z,2024-12-14T05:00:00Z,access,9.0,Sample comment
tkt_56e7,usr_cce9584d,2024-10-17T00:00:00Z,2024-10-19T04:00:00Z,feature_req,9.0,
tkt_853d,usr_424ef45c,2024-04-22T00:00:00Z,2024-04-22T17:00:00Z,access,9.0,Sample comment
tkt_ff32,usr_115d3ad7,2024-06-27T00:00:00Z,2024-06-27T01:00:00Z,feature_req,9.0,
tkt_9f88,usr_1b1ee118,2024-11-04T00:00:00Z,2024-11-06T23:00:00Z,access,10.0,Sample comment
tkt_ff39,usr_a52675ff,2024-03-25T00:00:00Z,2024-03-28T11:00:00Z,billing,9.0,
tkt_b8b7,usr_934adcf7,2024-04-13T00:00:00Z,2024-04-16T13:00:00Z,feature_req,0.0,
tkt_08fa,usr_670d1d85,2024-09-27T00:00:00Z,2024-09-27T07:00:00Z,billing,9.0,
tkt_f4b8,usr_44ddd6ce,2024-03-06T00:00:00Z,2024-03-07T02:00:00Z,billing,8.0,Sample comment
tkt_daba,usr_1fb65f28,2024-02-11T00:00:00Z,2024-02-13T13:00:00Z,feature_req,6.0,
tkt_131d,usr_672cc5d0,2024-09-20T00:00:00Z,2024-09-20T18:00:00Z,access,9.0,
tkt_e93d,usr_738ce423,2024-12-29T00:00:00Z,2024-12-30T06:00:00Z,billing,10.0,
tkt_062c,usr_14b20c6c,2024-07-16T00:00:00Z,2024-07-17T13:00:00Z,technical,7.0,
tkt_e350,usr_9b7617a3,2024-10-21T00:00:00Z,2024-10-23T09:00:00Z,feature_req,8.0,
tkt_6a75,usr_e7b0c24c,2024-06-28T00:00:00Z,2024-06-28T18:00:00Z,technical,8.0,Sample comment
tkt_72a6,usr_978a0076,2024-12-30T00:00:00Z,,access,,
tkt_9ad6,usr_6f6d922f,2024-06-20T00:00:00Z,2024-06-21T09:00:00Z,feature_req,10.0,
tkt_f09d,usr_2dffd31c,2024-05-23T00:00:00Z,2024-05-26T03:00:00Z,feature_req,8.0,Sample comment
tkt_c4b6,usr_93ede20d,2024-07-20T00:00:00Z,2024-07-23T14:00:00Z,access,9.0,
tkt_0718,usr_76e801b1,2024-12-08T00:00:00Z,2024-12-09T22:00:00Z,access,9.0,
tkt_ccac,usr_a0cfc613,2024-11-14T00:00:00Z,2024-11-17T02:00:00Z,technical,9.0,
tkt_ffb1,usr_ba36c4e0,2024-10-31T00:00:00Z,2024-11-03T10:00:00Z,feature_req,10.0,
tkt_67a3,usr_8c738799,2024-03-10T00:00:00Z,2024-03-14T01:00:00Z,access,10.0,Sample comment
tkt_b10d,usr_fcdeffcc,2024-02-18T00:00:00Z,2024-02-19T13:00:00Z,billing,1.0,
tkt_f08f,usr_7ca4224a,2024-01-30T00:00:00Z,2024-02-01T09:00:00Z,feature_req,8.0,
tkt_2886,usr_dec04734,2024-11-20T00:00:00Z,2024-11-23T04:00:00Z,feature_req,9.0,
tkt_60e8,usr_9d8d16b2,2024-10-16T00:00:00Z,2024-10-16T23:00:00Z,billing,9.0,
tkt_ce7f,usr_0a110a40,2024-04-22T00:00:00Z,2024-04-22T04:00:00Z,technical,7.0,
tkt_cb8c,usr_f827aa7e,2024-03-30T00:00:00Z,2024-04-03T01:00:00Z,technical,9.0,
tkt_8330,usr_ad4589ac,2024-12-27T00:00:00Z,2024-12-30T08:00:00Z,billing,10.0,
tkt_0868,usr_314dfd2d,2024-07-20T00:00:00Z,2024-07-22T11:00:00Z,technical,9.0,Sample comment
tkt_b9ea,usr_c9f0a116,2024-03-07T00:00:00Z,2024-03-07T02:00:00Z,access,9.0,Sample comment
tkt_7f53,usr_a27a1f73,2024-10-15T00:00:00Z,2024-10-18T18:00:00Z,billing,9.0,Sample comment
tkt_3dc7,usr_70399c77,2024-02-02T00:00:00Z,2024-02-04T05:00:00Z,access,8.0,
tkt_0bbc,usr_5e3d2e13,2024-05-26T00:00:00Z,2024-05-28T16:00:00Z,billing,10.0,
tkt_bf36,usr_5c4e3ac3,2024-10-09T00:00:00Z,2024-10-11T16:00:00Z,billing,9.0,
tkt_609e,usr_fc941bbb,2024-06-12T00:00:00Z,2024-06-15T11:00:00Z,technical,10.0,
tkt_1d21,usr_7255c24d,2024-08-16T00:00:00Z,2024-08-18T13:00:00Z,feature_req,7.0,Sample comment
tkt_30ac,usr_8e819361,2024-08-17T00:00:00Z,2024-08-19T07:00:00Z,access,6.0,Sample comment
tkt_0de8,usr_ad54efb2,2024-05-10T00:00:00Z,2024-05-13T02:00:00Z,technical,8.0,Sample comment
tkt_8a46,usr_551b65dd,2024-05-11T00:00:00Z,2024-05-14T06:00:00Z,billing,10.0,
tkt_f4f6,usr_8ff72b3d,2024-05-04T00:00:00Z,2024-05-05T22:00:00Z,feature_req,8.0,
tkt_8b3b,usr_46a5f5ad,2024-05-26T00:00:00Z,2024-05-28T03:00:00Z,technical,8.0,
tkt_feaa,usr_c9fe7ef1,2024-03-14T00:00:00Z,2024-03-16T19:00:00Z,access,9.0,
tkt_41b8,usr_d44a75ce,2024-07-28T00:00:00Z,2024-07-30T13:00:00Z,technical,10.0,Sample comment
tkt_9e6c,usr_1018e4c4,2024-01-25T00:00:00Z,2024-01-28T18:00:00Z,access,10.0,
tkt_753f,usr_3473f7d6,2024-07-09T00:00:00Z,2024-07-10T07:00:00Z,feature_req,9.0,
tkt_3a55,usr_a1b4ba57,2024-11-26T00:00:00Z,2024-11-29T09:00:00Z,feature_req,10.0,
tkt_75d4,usr_e971a201,2024-12-28T00:00:00Z,2024-12-29T04:00:00Z,access,9.0,Sample comment
tkt_440d,usr_00794744,2024-08-23T00:00:00Z,2024-08-25T16:00:00Z,access,10.0,
tkt_39ee,usr_03d6cff8,2024-12-31T00:00:00Z,,technical,,
tkt_7896,usr_6b8531ab,2024-10-08T00:00:00Z,2024-10-12T00:00:00Z,technical,7.0,
tkt_f5de,usr_adb8e847,2024-01-23T00:00:00Z,2024-01-25T07:00:00Z,access,10.0,
tkt_d025,usr_42eeefcd,2024-12-25T00:00:00Z,2024-12-28T23:00:00Z,technical,10.0,Sample comment
tkt_94a4,usr_e30ebb18,2024-03-18T00:00:00Z,2024-03-20T13:00:00Z,access,9.0,
tkt_e0ca,usr_3dca866a,2024-05-31T00:00:00Z,2024-06-02T06:00:00Z,feature_req,7.0,Sample comment
tkt_eaf6,usr_e8b63eb3,2024-06-29T00:00:00Z,2024-07-01T10:00:00Z,billing,7.0,Sample comment
tkt_476e,usr_b7bbb2fd,2024-07-30T00:00:00Z,2024-07-31T17:00:00Z,technical,5.0,
tkt_61b4,usr_a996a0f8,2024-02-27T00:00:00Z,2024-03-01T15:00:00Z,feature_req,10.0,
tkt_3cb8,usr_42f922ca,2024-12-30T00:00:00Z,,feature_req,,
tkt_3b0b,usr_b510a947,2024-05-03T00:00:00Z,2024-05-06T20:00:00Z,feature_req,9.0,Sample comment
tkt_2fa9,usr_47612067,2024-07-03T00:00:00Z,2024-07-04T18:00:00Z,access,9.0,Sample comment
tkt_4822,usr_93ad3fb4,2024-09-28T00:00:00Z,2024-09-28T02:00:00Z,technical,5.0,
tkt_5ae7,usr_5233fa62,2024-04-20T00:00:00Z,2024-04-23T17:00:00Z,technical,2.0,
tkt_3bd7,usr_07b53018,2024-09-17T00:00:00Z,2024-09-20T03:00:00Z,technical,9.0,
tkt_d09e,usr_085437a0,2024-09-20T00:00:00Z,2024-09-22T01:00:00Z,feature_req,10.0,
tkt_3ba2,usr_66cf4498,2024-11-18T00:00:00Z,2024-11-22T00:00:00Z,billing,6.0,
tkt_d7d2,usr_19d98e09,2024-09-21T00:00:00Z,2024-09-21T22:00:00Z,technical,10.0,
tkt_2949,usr_572f32f1,2024-10-11T00:00:00Z,2024-10-14T10:00:00Z,technical,10.0,
tkt_1eb0,usr_8af79d95,2024-11-30T00:00:00Z,2024-12-01T05:00:00Z,access,7.0,
tkt_c466,usr_65834c0c,2024-09-06T00:00:00Z,2024-09-09T09:00:00Z,access,9.0,
tkt_926f,usr_9f3eed1f,2024-12-02T00:00:00Z,2024-12-03T08:00:00Z,feature_req,7.0,
tkt_a92f,usr_4351ffb2,2024-08-30T00:00:00Z,2024-09-01T17:00:00Z,access,9.0,Sample comment
tkt_0015,usr_9483ad59,2024-02-05T00:00:00Z,2024-02-05T22:00:00Z,technical,10.0,
tkt_a4da,usr_e912dbd9,2024-02-26T00:00:00Z,2024-03-01T02:00:00Z,feature_req,7.0,Sample comment
tkt_5e3a,usr_1dbbbfcf,2024-12-02T00:00:00Z,2024-12-06T03:00:00Z,technical,7.0,Sample comment
tkt_7691,usr_67d91bf6,2024-03-19T00:00:00Z,2024-03-19T21:00:00Z,access,9.0,Sample comment
tkt_30b7,usr_8bd0f23a,2024-05-18T00:00:00Z,2024-05-18T20:00:00Z,billing,8.0,
tkt_77e4,usr_b2db2076,2024-09-28T00:00:00Z,2024-09-28T02:00:00Z,access,8.0,Sample comment
tkt_8041,usr_cb50b267,2024-11-02T00:00:00Z,2024-11-02T22:00:00Z,technical,9.0,
tkt_d9a9,usr_d511b33b,2024-12-02T00:00:00Z,2024-12-03T04:00:00Z,access,1.0,
tkt_e703,usr_e68398e9,2024-04-18T00:00:00Z,2024-04-22T01:00:00Z,technical,10.0,Sample comment
tkt_084e,usr_1f1e5650,2024-12-02T00:00:00Z,2024-12-05T01:00:00Z,technical,10.0,
tkt_4475,usr_326b439a,2024-11-23T00:00:00Z,2024-11-26T04:00:00Z,technical,10.0,Sample comment
tkt_da84,usr_c9b67f5b,2024-06-11T00:00:00Z,2024-06-12T16:00:00Z,billing,10.0,Sample comment
tkt_2e67,usr_ee736892,2024-02-10T00:00:00Z,2024-02-12T21:00:00Z,feature_req,9.0,Sample comment
tkt_50fc,usr_c3e24396,2024-01-25T00:00:00Z,2024-01-26T15:00:00Z,technical,10.0,
tkt_7f74,usr_8aa9142e,2024-11-07T00:00:00Z,2024-11-11T04:00:00Z,technical,10.0,Sample comment
tkt_ea60,usr_43f7ba9a,2024-03-11T00:00:00Z,2024-03-12T15:00:00Z,access,9.0,
tkt_2e1e,usr_3bd0582d,2024-10-24T00:00:00Z,2024-10-24T18:00:00Z,access,10.0,
tkt_401b,usr_47d01685,2024-12-03T00:00:00Z,2024-12-06T20:00:00Z,billing,7.0,
tkt_af48,usr_1b9a5ba6,2024-06-16T00:00:00Z,2024-06-19T20:00:00Z,access,9.0,
tkt_d04c,usr_3323d697,2024-12-23T00:00:00Z,2024-12-26T06:00:00Z,feature_req,8.0,
tkt_6aaa,usr_ecf5a94c,2024-11-20T00:00:00Z,2024-11-21T04:00:00Z,access,10.0,Sample comment
tkt_334a,usr_a38c140b,2024-04-02T00:00:00Z,2024-04-02T21:00:00Z,technical,4.0,
tkt_f5fe,usr_df969e73,2024-10-03T00:00:00Z,2024-10-03T09:00:00Z,feature_req,10.0,
tkt_d64b,usr_6a8356fd,2024-06-20T00:00:00Z,2024-06-23T08:00:00Z,access,1.0,
tkt_ce20,usr_ecd05efe,2024-04-19T00:00:00Z,2024-04-21T15:00:00Z,billing,10.0,
tkt_b058,usr_61c8542f,2024-04-14T00:00:00Z,2024-04-16T07:00:00Z,access,7.0,Sample comment
tkt_2d4a,usr_892e265b,2024-06-30T00:00:00Z,2024-07-01T01:00:00Z,technical,10.0,
tkt_f033,usr_60984bb8,2024-04-29T00:00:00Z,2024-05-02T07:00:00Z,billing,9.0,Sample comment
tkt_4344,usr_d65dd8b4,2024-02-12T00:00:00Z,2024-02-16T01:00:00Z,technical,8.0,Sample comment
tkt_0807,usr_f3f9d86c,2024-12-16T00:00:00Z,2024-12-16T08:00:00Z,feature_req,9.0,
tkt_ac58,usr_8c58d8cd,2024-11-01T00:00:00Z,2024-11-02T11:00:00Z,technical,9.0,Sample comment
tkt_7d3d,usr_208d0c37,2024-12-19T00:00:00Z,2024-12-21T22:00:00Z,feature_req,7.0,
tkt_73c4,usr_f289cd2c,2024-11-16T00:00:00Z,2024-11-17T03:00:00Z,billing,10.0,Sample comment
tkt_f3b9,usr_8fc4ce29,2024-03-21T00:00:00Z,2024-03-23T09:00:00Z,billing,8.0,
tkt_0a86,usr_584a5dd5,2024-10-31T00:00:00Z,2024-11-03T04:00:00Z,technical,8.0,
tkt_6b7e,usr_b71c4e23,2024-09-12T00:00:00Z,2024-09-14T05:00:00Z,feature_req,10.0,
tkt_e537,usr_6bd62d88,2024-04-15T00:00:00Z,2024-04-15T09:00:00Z,billing,9.0,
tkt_99d4,usr_98e34261,2024-03-06T00:00:00Z,2024-03-08T13:00:00Z,technical,9.0,
tkt_8c24,usr_2bb75c17,2024-09-07T00:00:00Z,2024-09-09T21:00:00Z,technical,8.0,
tkt_2ed9,usr_885db997,2024-12-25T00:00:00Z,2024-12-26T02:00:00Z,feature_req,9.0,
tkt_b02f,usr_f3fbfeb6,2024-03-11T00:00:00Z,2024-03-15T00:00:00Z,technical,9.0,
tkt_b2b5,usr_cdf77435,2024-12-09T00:00:00Z,2024-12-11T17:00:00Z,access,10.0,
tkt_9e83,usr_e6285d99,2024-03-21T00:00:00Z,2024-03-24T16:00:00Z,technical,10.0,
tkt_e579,usr_ae1474e0,2024-11-03T00:00:00Z,2024-11-03T15:00:00Z,feature_req,10.0,
tkt_d110,usr_97ba3c2e,2024-03-24T00:00:00Z,2024-03-25T15:00:00Z,billing,9.0,Sample comment
tkt_2dc6,usr_15325840,2024-10-07T00:00:00Z,2024-10-09T13:00:00Z,access,10.0,Sample comment
tkt_3f46,usr_e714a512,2024-05-24T00:00:00Z,2024-05-25T11:00:00Z,technical,9.0,
tkt_f469,usr_8870496f,2024-10-02T00:00:00Z,2024-10-05T03:00:00Z,feature_req,9.0,Sample comment
tkt_2dfa,usr_b7868b1d,2024-11-18T00:00:00Z,2024-11-20T22:00:00Z,feature_req,9.0,Sample comment
tkt_c3e3,usr_496bbe07,2024-12-01T00:00:00Z,2024-12-04T16:00:00Z,billing,10.0,
tkt_23d3,usr_e5929a4d,2024-01-28T00:00:00Z,2024-01-31T20:00:00Z,billing,9.0,Sample comment
tkt_1df8,usr_02e712d6,2024-11-24T00:00:00Z,2024-11-24T20:00:00Z,feature_req,10.0,Sample comment
tkt_56cd,usr_b1be36db,2024-05-02T00:00:00Z,2024-05-02T04:00:00Z,billing,9.0,
tkt_f172,usr_1c13a826,2024-09-21T00:00:00Z,2024-09-23T21:00:00Z,feature_req,10.0,Sample comment
tkt_39ef,usr_eab3df71,2024-08-14T00:00:00Z,2024-08-15T20:00:00Z,technical,10.0,
tkt_b30e,usr_12cd8cb3,2024-04-03T00:00:00Z,2024-04-06T09:00:00Z,access,10.0,
tkt_7b4b,usr_a613f085,2024-09-22T00:00:00Z,2024-09-25T08:00:00Z,technical,10.0,Sample comment
tkt_61dd,usr_3881c297,2024-06-29T00:00:00Z,2024-07-03T00:00:00Z,technical,10.0,
tkt_7f8f,usr_9ea0d19e,2024-05-11T00:00:00Z,2024-05-13T22:00:00Z,technical,9.0,
tkt_6e0f,usr_777c0bfa,2024-06-17T00:00:00Z,2024-06-19T05:00:00Z,technical,8.0,Sample comment
tkt_1565,usr_d23a7b61,2024-06-23T00:00:00Z,2024-06-26T08:00:00Z,feature_req,9.0,
tkt_6aae,usr_ad1f03cf,2024-04-15T00:00:00Z,2024-04-17T22:00:00Z,access,10.0,Sample comment
tkt_452c,usr_9b66505c,2024-09-29T00:00:00Z,2024-10-01T16:00:00Z,access,3.0,Sample comment
tkt_3b5f,usr_e8f67681,2024-09-16T00:00:00Z,2024-09-16T01:00:00Z,access,4.0,
tkt_b8ec,usr_db91fb7c,2024-01-16T00:00:00Z,2024-01-16T07:00:00Z,feature_req,10.0,
tkt_4a58,usr_49ea5b57,2024-08-06T00:00:00Z,2024-08-08T11:00:00Z,billing,9.0,
tkt_d8b1,usr_df87dbe5,2024-04-28T00:00:00Z,2024-04-28T06:00:00Z,billing,8.0,
tkt_e8d1,usr_d5601321,2024-05-06T00:00:00Z,2024-05-09T00:00:00Z,billing,9.0,Sample comment
tkt_fa0d,usr_9bb1c6df,2024-12-19T00:00:00Z,2024-12-22T13:00:00Z,feature_req,10.0,
tkt_44ea,usr_b1f86d5e,2024-01-28T00:00:00Z,2024-01-29T02:00:00Z,feature_req,8.0,Sample comment
tkt_bc35,usr_d98fccef,2024-10-18T00:00:00Z,2024-10-19T05:00:00Z,feature_req,10.0,
tkt_2eb1,usr_a0c59c56,2024-05-19T00:00:00Z,2024-05-21T23:00:00Z,billing,3.0,
tkt_d3e9,usr_d4a1bb74,2024-12-20T00:00:00Z,2024-12-20T10:00:00Z,billing,9.0,Sample comment
tkt_ec4f,usr_e87178bf,2024-11-10T00:00:00Z,2024-11-11T14:00:00Z,access,10.0,
tkt_b2e1,usr_248201d0,2024-11-07T00:00:00Z,2024-11-10T15:00:00Z,billing,9.0,
tkt_1d50,usr_ab37e289,2024-10-21T00:00:00Z,2024-10-23T18:00:00Z,access,10.0,
tkt_237d,usr_663759f3,2024-07-01T00:00:00Z,2024-07-02T07:00:00Z,billing,10.0,
tkt_e44d,usr_8d62b97c,2024-12-13T00:00:00Z,2024-12-15T12:00:00Z,feature_req,8.0,
tkt_300e,usr_8a7262c1,2024-09-29T00:00:00Z,2024-09-30T00:00:00Z,technical,8.0,
tkt_2811,usr_01abe660,2024-04-02T00:00:00Z,2024-04-03T16:00:00Z,access,8.0,
tkt_c209,usr_102d2b79,2024-10-31T00:00:00Z,2024-11-01T00:00:00Z,billing,7.0,Sample comment
tkt_fd64,usr_23bd9b58,2024-11-07T00:00:00Z,2024-11-07T13:00:00Z,technical,9.0,
tkt_ad34,usr_49857383,2024-09-09T00:00:00Z,2024-09-11T08:00:00Z,technical,9.0,
tkt_a89f,usr_f46b5311,2024-01-20T00:00:00Z,2024-01-21T20:00:00Z,access,3.0,Sample comment
tkt_9f53,usr_5dcfd289,2024-11-05T00:00:00Z,2024-11-08T21:00:00Z,billing,9.0,Sample comment
tkt_b457,usr_5cc4ae69,2024-03-09T00:00:00Z,2024-03-12T15:00:00Z,feature_req,10.0,
tkt_37ce,usr_fd1fcbbd,2024-06-18T00:00:00Z,2024-06-20T10:00:00Z,feature_req,10.0,
tkt_c4d1,usr_1af81790,2024-03-11T00:00:00Z,2024-03-11T22:00:00Z,billing,10.0,
tkt_79b3,usr_d6df1110,2024-03-30T00:00:00Z,2024-04-01T22:00:00Z,feature_req,5.0,Sample comment
tkt_457e,usr_2cc9c43c,2024-05-17T00:00:00Z,2024-05-19T09:00:00Z,technical,7.0,Sample comment
tkt_7911,usr_9ed5ed91,2024-05-16T00:00:00Z,2024-05-17T07:00:00Z,access,8.0,Sample comment
tkt_807a,usr_5eceee6a,2024-09-14T00:00:00Z,2024-09-16T13:00:00Z,technical,9.0,Sample comment
tkt_a4ce,usr_5b8d6e61,2024-04-08T00:00:00Z,2024-04-10T09:00:00Z,feature_req,9.0,
tkt_e0a7,usr_4a68dc99,2024-12-21T00:00:00Z,2024-12-22T18:00:00Z,technical,8.0,
tkt_5d4b,usr_7fb3425b,2024-04-27T00:00:00Z,2024-04-28T04:00:00Z,billing,1.0,Sample comment
tkt_dfba,usr_3a871d02,2024-11-21T00:00:00Z,2024-11-22T09:00:00Z,technical,7.0,Sample comment
tkt_31f2,usr_2d6c4676,2024-12-28T00:00:00Z,2024-12-30T13:00:00Z,access,10.0,Sample comment
tkt_4d3f,usr_4e004d1f,2024-11-27T00:00:00Z,2024-11-28T02:00:00Z,billing,10.0,Sample comment
tkt_c111,usr_299700bf,2024-08-21T00:00:00Z,2024-08-22T11:00:00Z,technical,10.0,Sample comment
tkt_a9ab,usr_2df3e6b0,2024-12-07T00:00:00Z,2024-12-07T15:00:00Z,feature_req,9.0,Sample comment
tkt_44c8,usr_d2e25b5e,2024-04-03T00:00:00Z,2024-04-05T10:00:00Z,feature_req,10.0,
tkt_be5c,usr_5ae21caf,2024-10-12T00:00:00Z,2024-10-14T12:00:00Z,billing,9.0,
tkt_06e8,usr_aed9ec2d,2024-12-03T00:00:00Z,2024-12-05T00:00:00Z,feature_req,9.0,Sample comment
tkt_8421,usr_727c8eb2,2024-01-19T00:00:00Z,2024-01-20T01:00:00Z,access,10.0,Sample comment
tkt_ace4,usr_09fb069b,2024-11-30T00:00:00Z,2024-12-01T18:00:00Z,access,10.0,
tkt_927a,usr_3a57b643,2024-10-29T00:00:00Z,2024-10-30T05:00:00Z,feature_req,10.0,
tkt_b256,usr_735d8025,2024-12-27T00:00:00Z,2024-12-30T04:00:00Z,billing,7.0,
tkt_43ee,usr_51301922,2024-06-05T00:00:00Z,2024-06-08T09:00:00Z,feature_req,7.0,
tkt_cf9e,usr_04d9ac99,2024-05-04T00:00:00Z,2024-05-07T22:00:00Z,technical,10.0,
tkt_aef9,usr_5fed877e,2024-06-10T00:00:00Z,2024-06-13T07:00:00Z,billing,9.0,
tkt_8a38,usr_f09c26b3,2024-11-12T00:00:00Z,2024-11-13T10:00:00Z,feature_req,10.0,
tkt_ff71,usr_893581a8,2024-08-10T00:00:00Z,2024-08-10T03:00:00Z,access,9.0,Sample comment
tkt_9c2b,usr_55e0492b,2024-02-14T00:00:00Z,2024-02-14T09:00:00Z,billing,10.0,
tkt_89b2,usr_b69f8a6d,2024-10-03T00:00:00Z,2024-10-05T14:00:00Z,access,7.0,
tkt_db78,usr_ea1880bc,2024-03-04T00:00:00Z,2024-03-04T01:00:00Z,billing,10.0,Sample comment
tkt_3099,usr_08d01079,2024-09-11T00:00:00Z,2024-09-13T06:00:00Z,technical,7.0,Sample comment
tkt_07ef,usr_e88c2a6f,2024-10-27T00:00:00Z,2024-10-28T05:00:00Z,technical,9.0,
tkt_cbe6,usr_b444da9c,2024-11-03T00:00:00Z,2024-11-05T06:00:00Z,billing,9.0,Sample comment
tkt_153a,usr_35fc92b7,2024-05-04T00:00:00Z,2024-05-04T22:00:00Z,technical,9.0,
tkt_1060,usr_c8634050,2024-04-22T00:00:00Z,2024-04-24T06:00:00Z,access,9.0,
tkt_b0f7,usr_cef46b4e,2024-12-28T00:00:00Z,2024-12-28T16:00:00Z,access,7.0,
tkt_e943,usr_4174344d,2024-08-25T00:00:00Z,2024-08-27T00:00:00Z,billing,7.0,Sample comment
tkt_a02b,usr_3657e9dd,2024-01-31T00:00:00Z,2024-02-01T16:00:00Z,access,9.0,
tkt_c48d,usr_0fdd86c0,2024-08-07T00:00:00Z,2024-08-10T14:00:00Z,feature_req,10.0,
tkt_f594,usr_ab1fdcc7,2024-08-24T00:00:00Z,2024-08-25T14:00:00Z,access,9.0,
tkt_9f57,usr_c8abb866,2024-12-13T00:00:00Z,2024-12-13T11:00:00Z,feature_req,10.0,
tkt_e0fd,usr_30481ae9,2024-11-05T00:00:00Z,2024-11-07T09:00:00Z,access,9.0,
tkt_1919,usr_3748cf0e,2024-10-20T00:00:00Z,2024-10-21T07:00:00Z,billing,10.0,Sample comment
tkt_b30c,usr_b886112a,2024-08-16T00:00:00Z,2024-08-19T19:00:00Z,feature_req,10.0,
tkt_9760,usr_613111e7,2024-12-19T00:00:00Z,2024-12-21T13:00:00Z,feature_req,5.0,
tkt_61fb,usr_efce0336,2024-08-03T00:00:00Z,2024-08-06T01:00:00Z,technical,9.0,Sample comment
tkt_0135,usr_e92d3c07,2024-09-03T00:00:00Z,2024-09-03T12:00:00Z,access,10.0,
tkt_3a44,usr_9de25ffc,2024-06-04T00:00:00Z,2024-06-04T21:00:00Z,technical,1.0,
tkt_e890,usr_edbecdd2,2024-10-31T00:00:00Z,2024-11-03T13:00:00Z,feature_req,9.0,
tkt_3476,usr_2988a66b,2024-05-31T00:00:00Z,2024-06-04T02:00:00Z,technical,9.0,
tkt_2d4d,usr_dc0049d0,2024-05-27T00:00:00Z,2024-05-29T20:00:00Z,billing,9.0,Sample comment
tkt_887a,usr_1f4239c8,2024-10-25T00:00:00Z,2024-10-27T21:00:00Z,billing,7.0,
tkt_08c1,usr_5c93649c,2024-03-30T00:00:00Z,2024-03-31T09:00:00Z,access,7.0,
tkt_0f5d,usr_af9c580d,2024-05-11T00:00:00Z,2024-05-15T00:00:00Z,technical,10.0,Sample comment
tkt_2b26,usr_66f066da,2024-08-01T00:00:00Z,2024-08-03T16:00:00Z,access,9.0,
tkt_b5fa,usr_e0e4c74d,2024-02-08T00:00:00Z,2024-02-08T15:00:00Z,feature_req,7.0,
tkt_b038,usr_f2993f0b,2024-03-10T00:00:00Z,2024-03-11T06:00:00Z,access,9.0,
tkt_e1e9,usr_0fd45837,2024-09-03T00:00:00Z,2024-09-04T13:00:00Z,access,8.0,Sample comment
tkt_1f83,usr_2d7a2643,2024-07-05T00:00:00Z,2024-07-05T12:00:00Z,billing,10.0,Sample comment
tkt_bf0e,usr_16cee5e7,2024-07-07T00:00:00Z,2024-07-10T09:00:00Z,feature_req,8.0,Sample comment
tkt_a4ce,usr_83ad7d66,2024-07-15T00:00:00Z,2024-07-15T06:00:00Z,feature_req,10.0,Sample comment
tkt_dea6,usr_e8d0f33e,2024-02-11T00:00:00Z,2024-02-14T17:00:00Z,feature_req,9.0,Sample comment
tkt_d353,usr_0411538e,2024-05-05T00:00:00Z,2024-05-05T07:00:00Z,billing,10.0,
tkt_9bc8,usr_a41f4cdd,2024-09-01T00:00:00Z,2024-09-02T08:00:00Z,access,10.0,
tkt_ad70,usr_a883225e,2024-10-23T00:00:00Z,2024-10-23T04:00:00Z,billing,10.0,Sample comment
tkt_e923,usr_b5d6a7b2,2024-06-14T00:00:00Z,2024-06-16T01:00:00Z,access,10.0,Sample comment
tkt_2c9c,usr_c29e9e3e,2024-05-15T00:00:00Z,2024-05-18T04:00:00Z,access,2.0,
tkt_4d99,usr_df932ad8,2024-05-14T00:00:00Z,2024-05-14T09:00:00Z,technical,10.0,Sample comment
tkt_7ee0,usr_c9fa87bf,2024-02-22T00:00:00Z,2024-02-24T05:00:00Z,billing,8.0,Sample comment
tkt_4143,usr_4eda485b,2024-07-25T00:00:00Z,2024-07-28T05:00:00Z,access,10.0,
tkt_1e53,usr_c67d117b,2024-07-20T00:00:00Z,2024-07-22T22:00:00Z,feature_req,10.0,Sample comment
tkt_53d0,usr_5b9df7b9,2024-06-08T00:00:00Z,2024-06-10T05:00:00Z,technical,8.0,
tkt_383a,usr_a0eb4a42,2024-04-10T00:00:00Z,2024-04-13T06:00:00Z,billing,9.0,
tkt_609b,usr_4cc4f47a,2024-09-15T00:00:00Z,2024-09-15T06:00:00Z,billing,10.0,Sample comment
tkt_0f0c,usr_e40bfb63,2024-06-23T00:00:00Z,2024-06-24T13:00:00Z,technical,7.0,
tkt_2f90,usr_7aa769f0,2024-05-07T00:00:00Z,2024-05-08T03:00:00Z,technical,10.0,Sample comment
tkt_676c,usr_2ea296a4,2024-09-21T00:00:00Z,2024-09-23T17:00:00Z,billing,10.0,
tkt_2e01,usr_45aa841b,2024-06-02T00:00:00Z,2024-06-04T23:00:00Z,feature_req,10.0,Sample comment
tkt_3c4f,usr_d28fa663,2024-06-03T00:00:00Z,2024-06-05T00:00:00Z,feature_req,10.0,
tkt_617e,usr_85ea4871,2024-08-03T00:00:00Z,2024-08-04T04:00:00Z,technical,8.0,
